coach_name,n_distinct_skill_players,avg_overperformance_vs_draft_tier_expected,p_value,n_seasons_as_OC,n_seasons_as_HC
Rob Boras,19,-0.369,0.0016653747607084845,2,0
Klint Kubiak,38,0.649,0.00768307938589967,3,0
Dick Jauron,60,-0.215,0.011340100492717192,0,8
Kyle Shanahan,120,0.262,0.011873383488707758,9,9
Chip Kelly,33,0.463,0.015831763326020376,0,3
Aaron Kromer,26,0.906,0.016056418542109444,2,1
Mike Sherman,37,0.467,0.017727545766425087,3,1
Ted Tollner,13,-0.515,0.01876726892915662,1,0
Kellen Moore,67,0.36,0.01891603360481712,6,1
Mike Groh,18,0.679,0.023148018519915336,2,0
Adam Gase,72,0.319,0.02457864029813746,3,5
Dan Campbell,42,0.406,0.02536793009507932,0,6
Steve Wilks,26,-0.33,0.026363563350183895,0,2
Scott Linehan,90,0.242,0.026981858413372212,13,0
David Culley,17,-0.398,0.03829074946654478,0,1
Tom Coughlin,67,0.298,0.04118752500082057,0,12
Joe Judge,26,-0.215,0.04420269899494614,0,2
Liam Coen,42,0.405,0.04428812780161381,2,1
John Morton,23,0.572,0.047086916909668215,2,0
Bill O'Brien,70,0.352,0.0473110920317416,2,7
Sean Payton,107,0.202,0.049069363054159786,2,18
Shane Steichen,58,0.319,0.04926570892770805,4,3
Frank Reich,60,0.304,0.052935803713471244,4,4
Pat Shurmur,113,0.192,0.054283021184391704,9,5
Mike Miller,18,-0.244,0.056272665514595,2,0
Ben Johnson,30,0.441,0.05794804320244206,3,1
Lane Kiffin,20,-0.303,0.06076876513588804,0,2
Jim E. Mora,11,1.212,0.06245544222283382,0,1
Doug Marrone,78,0.213,0.06259777305782924,3,7
Kevin Gilbride,43,0.341,0.07059561687132568,8,0
Chris Tabor,14,-0.441,0.07491589569235374,0,1
Frank Reich; fired on November 27,14,-0.441,0.07491589569235374,0,1
Ken Zampese,13,0.596,0.07902156547751649,1,0
Joe Vitt,12,1.101,0.08076094920901557,0,1
Sean Payton†,12,1.101,0.08076094920901557,0,1
Jeff Davidson,36,-0.204,0.08396764923663494,5,0
Joe Philbin,52,0.272,0.08535137884714711,5,4
Jack Del Rio,62,-0.178,0.09459572415789337,0,11
Edgar Bennett,20,0.342,0.09577955714541449,3,0
Gary Kubiak,111,0.188,0.09581743085705688,7,10
Klay Kubiak,12,0.899,0.09910540262203132,1,0
Rod Marinelli,29,-0.241,0.10521083082469138,0,3
Chan Gailey,83,0.188,0.10687481745895361,5,3
Tony Dungy,34,0.223,0.10870258276309105,0,5
"Brian Callahan (fired October 13, 1–5 record)",12,-0.293,0.11016904436863455,0,1
"Todd Haley (fired Dec 12, 2011)",13,-0.364,0.11026011570432305,0,1
Josh McDaniels,125,0.169,0.1119267387174127,15,2
Bobby Slowik,17,0.492,0.11524033291315232,2,0
Grant Udinski,26,0.335,0.115373482759961,2,0
Nick Holz,20,-0.214,0.11614079231525881,2,0
Tom Moore,34,0.283,0.11633730656376108,6,0
George Godsey,36,0.301,0.12011628865887337,3,0
Harold Goodwin,31,-0.257,0.12208004242675076,5,0
John DeFilippo,27,0.397,0.12424790803070711,2,0
Jordan Traylor,12,-0.221,0.12992764740566756,1,0
Mick Lombardi,12,0.712,0.1308790321166418,1,0
Mike Shanahan,33,0.27,0.13630222944262851,0,4
Dave Campo,12,-0.226,0.13733685370070062,0,1
Bruce Coslet,12,-0.226,0.13733685370070062,1,0
Steve Sarkisian,18,0.353,0.14101582767690352,2,0
Mike McDaniel,43,0.328,0.14295869991855345,1,4
Kliff Kingsbury,52,0.186,0.1466277990216877,2,4
Jedd Fisch,31,0.291,0.14778984286965874,3,0
Butch Davis,14,-0.398,0.15210782011662205,0,1
Emmitt Thomas,12,-0.343,0.157293832324407,0,1
Anthony Lynn,55,0.218,0.1613669907746116,1,5
John Harbaugh,99,-0.14,0.16145240611898928,0,18
Mike Shula,41,0.241,0.16610155124800735,7,0
"Pete Carmichael, Jr.",26,0.386,0.16746832793694968,5,0
Bill Cowher,27,-0.216,0.16762079268810334,0,6
Terry Shea,12,-0.357,0.17219643709892665,1,0
Lovie Smith,83,-0.135,0.174351419426007,0,12
Jason Michael,23,-0.289,0.17500849843886015,2,0
Joe Philbin {{small|(fired on October 5)}},12,0.486,0.17693942768832652,0,1
John Fox,98,0.139,0.17851245103819757,0,16
Dick LeBeau,17,-0.236,0.18200506462515018,0,2
Rick Dennison,78,0.157,0.18321740490976937,10,0
Darren Rizzi,18,0.475,0.18440830891555354,0,1
Dennis Allen (fired on November 4),18,0.475,0.18440830891555354,0,1
Bobby Jackson,9,0.76,0.18522866528595303,1,0
George Sefcik,11,-0.295,0.19012546546432973,1,0
Thomas Brown,25,-0.231,0.1982353756282225,1,1
Jason Garrett,65,0.145,0.1986735069984535,3,10
Norm Chow,24,-0.185,0.20054410681387053,3,0
Todd Bowles,75,0.135,0.20507275225178206,0,9
Nick Sirianni,52,0.19,0.20873042561204683,3,5
Matt Cavanaugh,53,-0.133,0.21245541086537567,6,0
Dan Quinn,54,0.167,0.21820773532558407,0,8
Clyde Christensen,44,0.175,0.21844926300990436,5,0
Brandon Staley; fired on December 15,14,0.475,0.2196973915295429,0,1
Giff Smith,14,0.475,0.2196973915295429,0,1
Steve Loney,13,-0.403,0.22113819895133785,1,0
Brian Billick,42,-0.136,0.22233415796835415,0,7
Brian Johnson,11,0.531,0.22651820868025258,1,0
Dennis Erickson,11,0.36,0.22849318698086132,0,1
Bill Muir,51,-0.153,0.23105578165617355,8,0
Jeff Fisher (Fired Week 14),13,-0.178,0.23174087282168246,0,1
John Fassel,13,-0.178,0.23174087282168246,0,1
Jim Harbaugh,51,-0.147,0.23236353123086495,0,6
Steve Fairchild,14,-0.214,0.23254600614308682,2,0
Marty Schottenheimer,23,0.291,0.23530485101132007,0,5
Zac Taylor,55,0.161,0.23674991515866325,1,7
Kevin O'Connell,53,0.17,0.2368530482686679,3,4
Mike Holmgren,21,0.26,0.24049348831384598,0,4
Norv Turner,122,0.124,0.25120895629825335,10,8
Todd Downing,39,-0.177,0.25216368152722307,3,0
Jim Caldwell,57,0.144,0.2546693206019512,2,7
Dirk Koetter,89,0.117,0.26127412651521825,10,3
Wade Phillips,13,-0.157,0.26129759989729007,0,1
Pete Mangurian,13,-0.157,0.26129759989729007,1,0
Jason Garrett (fired after week 11),16,-0.19,0.262158730469518,1,0
Al Saunders,35,0.224,0.2653029194713355,6,0
Sean McVay,68,0.149,0.26568930681853214,3,9
Marc Trestman,53,0.193,0.26996259534398265,4,2
"Brian Daboll (fired November 10, 2–8 record)",13,0.347,0.27132020896988757,0,1
Aaron Glenn,16,-0.143,0.2730220314484477,0,1
Tanner Engstrand,16,-0.143,0.2730220314484477,1,0
Robert Saleh,32,-0.151,0.2739869326228522,0,3
Zac Robinson,13,0.332,0.2841982030419377,2,0
Vic Fangio,22,-0.12,0.2846949709395993,0,3
Klayton Adams,16,0.373,0.28612498411746246,1,0
Marty Mornhinweg,106,-0.099,0.28892871159744216,12,2
Todd Monken,58,0.145,0.29704540543439006,7,0
DeMeco Ryans,24,0.248,0.29911199891303075,0,3
Curtis Modkins,38,0.149,0.30166460088765656,4,0
Randy Fichtner,27,0.254,0.30500161428328015,3,0
Bill Parcells,14,0.345,0.30743003957516485,0,2
Geep Chryst,19,-0.175,0.3102842067433557,1,0
Jimmy Raye II,11,-0.363,0.3143803914462035,1,0
Mike McCoy,66,0.147,0.3144861785289847,4,5
Maurice Carthon,31,-0.154,0.3167087465643137,3,0
Jeff Ulbrich,13,0.325,0.32154992489501094,0,1
Robert Saleh (fired on October 8),13,0.325,0.32154992489501094,0,1
Jeremy Bates,29,-0.14,0.3297686000088883,2,0
Ken Dorsey; fired after Week 10,13,0.361,0.3319179685873848,1,0
Ryan Grubb,12,0.345,0.3327428324974413,1,0
Darrell Bevell,102,-0.082,0.33391103247866977,15,2
Ken Dorsey,28,0.235,0.33584140599819445,2,0
Mike Kafka,33,0.146,0.33785699388498885,3,1
Pete Carmichael,55,0.13,0.33816889915076975,9,0
Mike Zimmer,38,0.175,0.34379542144271313,0,8
Brian Callahan,45,0.125,0.35259901091046114,5,1
Mike LaFleur,46,0.154,0.35646752772161466,5,0
Wes Phillips,25,0.192,0.35892336821378096,4,0
Rich Bisaccia,14,0.372,0.3600265633594406,0,1
Brandon Staley,20,0.296,0.3622952903870152,0,2
Mike Macdonald,18,0.224,0.3694319027430854,0,2
Tom Rossley,25,0.18,0.3728973251416131,5,0
Jim Schwartz,30,0.162,0.3729193444320772,0,5
Mike Sheppard,24,0.155,0.37670082000811295,2,0
Declan Doyle,10,0.294,0.37768371837184417,1,0
Mike McCarthy,114,0.074,0.37966546179230265,5,16
Tom Clements,35,0.169,0.379911301782702,4,0
Doug Pederson,84,0.085,0.3845175062826505,3,8
Joe Lombardi,56,0.133,0.38510146356880415,6,0
Bill Lazor,48,0.114,0.3885698095573899,5,0
Eric Bieniemy,47,0.161,0.3914397123001327,6,0
Tommy Rees,17,-0.165,0.39200383763289937,1,0
Leslie Frazier,28,-0.141,0.40167409927656184,0,4
Sean McDermott,60,-0.089,0.4125734939680818,0,9
Jim Mora Jr.,9,-0.332,0.41879022029385415,0,1
Ken Whisenhunt,97,-0.075,0.42250179219567496,7,6
Joe Brady,35,0.146,0.42386696427393106,4,0
Jeff Nixon,14,-0.168,0.42476998581575415,1,0
Joe Brady (fired mid season),14,-0.168,0.42476998581575415,1,0
Chip Kelly {{small|(fired on December 29)}},12,0.309,0.4280088360127129,0,1
Tom Cable,17,-0.163,0.4316804450368685,0,2
"Mike McCoy (fired November 20, 2017)",15,-0.114,0.4339544587292591,1,0
Jay Gruden,79,0.084,0.43440918214062435,4,6
Clarence Shelmon,22,0.199,0.43674590373978656,5,0
Steve Spagnuolo,43,-0.099,0.44958114781326836,0,4
Mike Sullivan,37,0.112,0.45038995180361474,4,0
Dan Pitcher,20,0.228,0.4506933958146715,2,0
Scott Turner,51,0.102,0.4511757325733967,5,0
Mike Mularkey,94,-0.075,0.4552708701254107,8,5
Kevin Stefanski,62,0.09,0.45774546594750914,2,6
Frank Smith,32,0.163,0.45931200711736314,4,0
Tim Kelly,52,0.1,0.4650647244688301,5,0
Jim Hostler,10,-0.247,0.4652278928438224,1,0
Greg Roman,96,-0.067,0.46796794420965443,12,0
Gus Bradley,30,0.122,0.46956415738843243,0,4
Mike Nolan,27,-0.118,0.4695884708585382,0,4
Mike Pettine,14,-0.141,0.4696664805354079,0,1
Kevin Patullo,13,0.284,0.4714966959779568,1,0
Mike Tomlin,102,-0.064,0.47407295959934387,0,19
Brad Idzik,21,-0.128,0.47609918705714643,2,0
Pete Carmichael Jr.,13,0.296,0.4788851906052746,1,0
Rich Olson,16,0.201,0.48703283179317763,2,0
Bruce Arians,108,-0.064,0.48806320720323293,9,9
Mike Riley,11,0.215,0.49342641776480417,0,1
Tony Sparano,45,-0.076,0.5016293934056644,1,4
Greg Schiano,19,0.147,0.504352771884993,0,2
Jonathan Gannon,26,0.13,0.5141300454603889,0,3
Drew Petzing,26,0.13,0.5141300454603889,3,0
John Hufnagel,11,0.276,0.5158671021829514,1,0
Dennis Green,23,-0.108,0.5163803205130871,0,3
Jim Colletto,13,-0.133,0.5163852399848403,1,0
Hue Jackson,82,0.064,0.5164066025454982,4,4
Arthur Smith,63,0.077,0.5212975854157165,4,3
Press Taylor,24,-0.087,0.528304887705215,3,0
"Mike McCoy (fired Oct 19, 2018)",11,-0.191,0.529397638686933,1,0
Rex Ryan,54,-0.073,0.5355861887999608,0,7
John Shoop,26,-0.085,0.5368424656222802,3,0
Chris Palmer,33,-0.122,0.5377565280194158,5,0
Dom Capers,20,-0.169,0.5415813667142467,0,4
Mike Smith,24,0.12,0.5570587277808241,0,7
Cam Cameron,59,0.085,0.5601352053979113,10,1
Dan Henning,44,0.078,0.5602934508506471,8,0
Gil Haskell,25,0.105,0.561889747225891,5,0
Byron Leftwich,31,0.127,0.5685929832545585,4,0
Josh Grizzard,14,0.157,0.5711608403519428,1,0
Rob Chudzinski,75,0.068,0.5715387594539117,8,1
Jim Tomsula,30,-0.09,0.5773482524102419,0,2
Dick Vermeil,21,0.16,0.5789923631162583,0,5
Freddie Kitchens,38,-0.066,0.5806141707291147,2,1
Matt Patricia,26,0.089,0.5811281863258457,0,2
Marcus Brady,13,0.194,0.583877515733409,1,0
Jim Bob Cooter,61,0.061,0.5848969409808308,8,0
"Joe Lombardi (fired Oct 26, 2015)",13,0.172,0.585990504873287,1,0
Jeff Saturday,15,-0.109,0.5902996272800369,0,1
Parks Frazier,15,-0.109,0.5902996272800369,1,0
Eric Studesville,15,0.102,0.5989694674166235,1,0
Antonio Pierce,20,0.134,0.5996052025996456,0,2
Dave Ragone,31,-0.061,0.6009265489797762,3,0
Josh McDaniels; fired on October 31,12,0.168,0.601236454984043,0,1
Bo Hardegree,12,0.168,0.601236454984043,1,0
Mick Lombardi; fired on October 31,12,0.168,0.601236454984043,1,0
George Seifert,11,-0.093,0.6056365223319167,0,1
Richard Williamson,11,-0.093,0.6056365223319167,1,0
Paul Hackett,18,-0.121,0.6112646568780017,4,0
Gregg Williams,16,0.121,0.6161151158143119,0,2
Urban Meyer (fired mid season),16,-0.106,0.6184124437978569,0,1
Chuck Pagano,38,-0.067,0.6189071482593963,0,6
Ben McAdoo,45,-0.058,0.620626078685162,3,2
Mike Munchak,23,-0.09,0.6257483852522453,0,3
Matt LaFleur,74,0.056,0.6262726232594773,2,7
"Ken Zampese (fired Sept 15, 2017)",11,-0.096,0.6306580931313412,1,0
Rick Neuheisel,13,-0.16,0.6410352164684174,1,0
Mike Tice,39,0.098,0.6457088640697479,1,4
Alex Wood,11,-0.098,0.6500031535034568,1,0
Jeff Jagodzinski,12,0.16,0.6583625115392434,1,0
Bill Belichick,122,-0.04,0.658430694128091,0,23
Raheem Morris,51,0.06,0.6601125027828733,0,6
Greg Knapp,71,-0.052,0.6602741194752869,10,0
Matt Rhule,22,0.087,0.6655877696435873,0,2
Sherman Smith,17,-0.103,0.672189255389324,2,0
Bill Musgrave,67,-0.049,0.6748218930295274,8,0
Chad O'Shea,15,0.105,0.676984019217866,1,0
Jim Haslett,26,0.09,0.6783063831669114,0,5
Joe Pendry,9,0.253,0.6851682707897,1,0
Dave McGinnis,23,0.1,0.6876122287072576,0,3
Troy Calhoun,12,-0.128,0.6908559569983803,1,0
"Chris Palmer (fired Nov 26, 2012)",13,-0.071,0.6986574991847467,1,0
Shane Waldron,22,0.082,0.7159496591452116,3,0
Herm Edwards,10,0.17,0.7236820160125852,0,1
Mike Solari,10,0.17,0.7236820160125852,1,0
Ron Rivera,70,-0.031,0.725771917589559,0,13
Steve Spurrier,16,-0.081,0.7308814703327802,0,1
Kim Helton,16,-0.081,0.7308814703327802,1,0
Nick Caley,14,0.102,0.7403551892529016,1,0
Brian Schottenheimer,104,0.031,0.7424438206082576,14,1
Mike Johnson,12,0.115,0.7555044267367119,1,0
Dave Wannstedt (Games 1-9),11,0.104,0.7574668095129742,0,1
Chris Foerster,11,0.104,0.7574668095129742,1,0
Scott Milanovich,14,-0.064,0.7585311059491392,1,0
Mark Helfrich,19,0.067,0.7626327161775107,2,0
Dave Canales,31,0.049,0.7627193781322509,1,2
Matt Canada,18,-0.057,0.7654878738690298,2,0
Andy Reid,123,-0.027,0.7694980703111264,0,25
Bob Bratkowski,60,-0.032,0.7718501261759415,11,0
"Ken Whisenhunt (fired November 3, 2015)",14,-0.111,0.7790502040193581,0,1
Bill Callahan,49,-0.044,0.7794264791123918,3,3
Rod Dowhower,13,0.073,0.7833625499799494,1,0
Luke Getsy (fired on November 5),14,0.081,0.7918088334838848,1,0
Jerod Mayo,14,-0.055,0.7919268253616547,0,1
Greg Olson,126,0.021,0.8053307809889182,14,0
Pep Hamilton,34,0.047,0.8060481615972178,3,0
Sherman Lewis,29,0.04,0.8063288075216916,3,0
Eddie Faulkner,12,-0.075,0.8072685541614347,1,0
Matt Canada; fired after Week 11,12,-0.075,0.8072685541614347,1,0
Brian Daboll,106,-0.021,0.8088488828813348,8,3
Nick Saban,17,-0.048,0.8089883880166735,0,2
Carl Smith,13,-0.084,0.8107057405474462,2,0
Romeo Crennel,51,-0.032,0.8139713615886206,0,6
Joe Gibbs,18,0.062,0.8172958482133473,0,3
Don Breaux,18,0.062,0.8172958482133473,3,0
Brian Flores,28,0.035,0.8187959425294377,0,3
Jon Gruden,77,0.029,0.8194122635718594,0,11
Mike Heimerdinger,47,-0.027,0.8254293570842767,7,0
Jeff Fisher,13,-0.048,0.8258047308288985,0,1
Jim Mora,14,0.053,0.8389595099413281,0,1
Charlie Weis,34,0.037,0.8410587445298424,5,0
Alex Van Pelt,53,0.025,0.8413034040671111,6,0
Nathaniel Hackett,89,0.019,0.8541029079898829,10,0
Dowell Loggains,78,-0.017,0.8588337550487003,7,0
Todd Haley,90,0.021,0.8596394860160005,9,2
Herman Edwards,35,-0.029,0.8615967607296079,0,6
Marvin Lewis,68,0.019,0.8619412547898394,0,15
Turk Schonert,12,-0.035,0.8633779931247201,1,0
Eric Mangini,38,-0.026,0.8693474869669456,0,5
Matt Eberflus,22,-0.035,0.8727149602777143,0,2
Luke Getsy,22,-0.035,0.8727149602777143,2,0
Mike Martz,56,0.024,0.8753609629031789,5,1
Ron Turner,28,0.027,0.8777224263601944,5,0
Matt Eberflus (fired on November 29),11,0.036,0.8918948645221113,0,1
Chris Beatty,11,0.036,0.8918948645221113,1,0
Shane Waldron (fired on November 10),11,0.036,0.8918948645221113,1,0
Dennis Allen,52,-0.017,0.8945172612633709,0,5
Doug Nussmeier,18,0.03,0.8950938781064605,1,0
Mike Singletary,17,-0.037,0.9049118490930084,0,2
Matt Nagy,71,0.011,0.9213326269729847,5,4
Jerry Sullivan,12,-0.036,0.9266278726915156,1,0
Jim Fassel,30,-0.015,0.9387918738329996,2,2
Jimmy Raye,34,0.015,0.9436262854939781,4,0
Pete Carroll,13,0.018,0.9442296611787167,0,1
Josh McDaniels {{small|(fired December 6)}},13,0.029,0.9450066944023487,0,1
Adam Stenavich,30,0.01,0.9530220053391452,4,0
Dave Wannstedt,20,-0.012,0.955385586063646,0,3
Steve Mariucci,32,-0.009,0.9581874754281449,0,5
Rich Scangarello,12,0.012,0.9589837112656165,1,0
Vance Joseph,23,-0.008,0.960454285971621,0,2
Maurice Carthon (Resigned after week 7),11,-0.012,0.9631095367627601,1,0
Jerry Rosburg,18,-0.009,0.9654657637811602,0,1
Justin Outten,18,-0.009,0.9654657637811602,1,0
Bobby Petrino,22,-0.009,0.9737803766858831,1,1
Jeff Tedford,14,0.008,0.9758810187040574,1,0
Brad Childress,80,0.003,0.9766591082410147,6,5
Mike Vrabel,59,-0.003,0.9778757029250881,0,7
Terry Robiskie,27,-0.005,0.9823512646856564,3,1
Keith Rowen,17,0.005,0.9838932228829247,2,0
Mike Kruczek,12,0.005,0.9852102227979186,1,0
Hal Hunter,12,0.001,0.9982534694518512,1,0
