coach_name,position,draft_tier,n_distinct_players,coach_avg_tier_score,league_baseline_tier_score,overperformance,p_value
Geep Chryst,TE,Day3+UDFA,5,0.0,0.281,-0.281,0.0
Dave Atkins,RB,Day3+UDFA,5,0.0,0.315,-0.315,0.0
Ted Williams,RB,Day3+UDFA,12,0.0,0.315,-0.315,0.0
Wilbert Montgomery,RB,Day3+UDFA,5,0.0,0.315,-0.315,0.0
Tony Sparano,TE,Day3+UDFA,5,0.0,0.281,-0.281,0.0
Wes Chandler,WR,Day3+UDFA,5,0.0,0.234,-0.234,0.0
Mike Wilson,WR,Day3+UDFA,7,0.0,0.234,-0.234,0.0
Freddie Kitchens,TE,Day3+UDFA,7,0.0,0.281,-0.281,0.0
Pat Carter,TE,Day3+UDFA,5,0.0,0.281,-0.281,0.0
Charlie Coiner,TE,Day3+UDFA,7,0.0,0.281,-0.281,0.0
Mike DeBord,TE,Day3+UDFA,5,0.0,0.281,-0.281,0.0
Tommie Robinson,RB,Day3+UDFA,6,0.0,0.315,-0.315,0.0
Jerry Fontenot,TE,Day3+UDFA,6,0.0,0.281,-0.281,0.0
Johnny Cox,WR,Day3+UDFA,5,0.0,0.234,-0.234,0.0
Ricky Proehl,WR,Day3+UDFA,5,0.0,0.234,-0.234,0.0
Kyle Caskey,RB,Day3+UDFA,7,0.0,0.315,-0.315,0.0
Bobby Engram,WR,Day1,5,0.0,1.299,-1.299,0.0
Ronald Curry,WR,Day3+UDFA,7,0.0,0.234,-0.234,0.0
Dan Pitcher,WR,Day3+UDFA,5,0.0,0.234,-0.234,0.0
Greg Lewis,WR,Day2,5,0.0,0.63,-0.63,0.0
Lance Taylor,WR,Day3+UDFA,5,0.0,0.234,-0.234,0.0
Chris White,TE,Day3+UDFA,5,0.0,0.281,-0.281,0.0
Troy Walters,WR,Day3+UDFA,7,0.0,0.234,-0.234,0.0
Chris Beatty,WR,Day3+UDFA,6,0.0,0.234,-0.234,0.0
Drew Terrell,WR,Day3+UDFA,7,0.0,0.234,-0.234,0.0
T. J. Yates,WR,Day3+UDFA,5,0.0,0.234,-0.234,0.0
Bryan McClendon,WR,Day3+UDFA,5,0.0,0.234,-0.234,0.0
Alfredo Roberts,TE,Day3+UDFA,14,0.024,0.281,-0.257,7.228085889825373e-08
Zach Azzanni,WR,Day3+UDFA,19,0.026,0.234,-0.208,2.9975967877638873e-07
Sherman Smith,RB,Day3+UDFA,12,0.042,0.315,-0.273,4.13156912188136e-05
Sylvester Croom,RB,Day3+UDFA,16,0.062,0.315,-0.252,0.001082339537849085
Jonathan Hayes,TE,Day3+UDFA,11,0.061,0.281,-0.221,0.004536588623318086
Justin Peelle,TE,Day2,5,2.433,0.837,1.597,0.005732334192257229
Michael Pitre,RB,Day3+UDFA,5,0.05,0.315,-0.265,0.006119175451876805
Derek Dooley,WR,Day3+UDFA,8,0.05,0.234,-0.184,0.007885300548414622
Tim Spencer,RB,Day3+UDFA,12,0.146,0.315,-0.169,0.010057430916562318
Todd McNair,RB,Day2,6,0.222,1.096,-0.873,0.01106225462758592
James Daniel,TE,Day2,6,0.278,0.837,-0.559,0.011068435951411042
Ivan Fears,RB,Day1,5,0.667,1.9,-1.233,0.01149239890643232
Ray Sherman,WR,Day2,13,0.308,0.63,-0.322,0.0203711601473827
Carl Smith,QB,Day3+UDFA,5,0.1,0.419,-0.319,0.033066235470574905
Kippy Brown,WR,Day2,6,0.236,0.63,-0.394,0.04654197792219169
Ray Sherman,WR,Day3+UDFA,19,0.649,0.234,0.415,0.04804243552584576
Duce Staley,RB,Day3+UDFA,12,0.125,0.315,-0.19,0.05822905655846312
Kevin M. Gilbride,TE,Day3+UDFA,11,0.091,0.281,-0.19,0.06277470444353211
Brian Pariani,TE,Day3+UDFA,16,0.807,0.281,0.526,0.06875112066479683
John Zernhelt,TE,Day2,7,0.393,0.837,-0.444,0.07156898517512347
Greg Lewis,WR,Day1,6,0.556,1.299,-0.744,0.07369908351459582
Charlie Joiner,WR,Day1,5,0.52,1.299,-0.779,0.0789280032415681
Bobby Engram,WR,Day2,10,1.25,0.63,0.62,0.0840758665535153
Richard Mann,WR,Day3+UDFA,14,0.936,0.234,0.702,0.0842517337607084
Danny Barrett,RB,Day2,6,0.583,1.096,-0.512,0.08454549546364178
Jim Hostler,WR,Day2,8,1.375,0.63,0.745,0.08726549676992518
Curtis Johnson,WR,Day3+UDFA,9,0.967,0.234,0.733,0.08843932140667157
Bobby Turner,RB,Day3+UDFA,25,0.67,0.315,0.355,0.08864461538126849
Dowell Loggains,QB,Day1,7,0.786,1.321,-0.536,0.0888784507809432
Ivan Fears,RB,Day3+UDFA,17,0.603,0.315,0.288,0.09251301499982692
Jerald Ingram,RB,Day3+UDFA,9,0.976,0.315,0.662,0.09549587014312018
Wes Chandler,WR,Day2,5,0.2,0.63,-0.43,0.09806790984540235
Matt Simon,RB,Day3+UDFA,9,0.111,0.315,-0.204,0.1043951146286148
Richard Mann,WR,Day1,9,0.783,1.299,-0.516,0.10509648641823403
Ken Zampese,QB,Day1,6,0.667,1.321,-0.655,0.10675555914941563
Curtis Modkins,RB,Day3+UDFA,21,0.667,0.315,0.352,0.1105088537003163
Clancy Barone,TE,Day3+UDFA,14,0.917,0.281,0.635,0.11077911631935529
Karl Dorrell,WR,Day3+UDFA,24,0.556,0.234,0.322,0.11344287214319121
George Stewart,WR,Day1,7,0.529,1.299,-0.771,0.1147091760734146
Keary Colbert,WR,Day3+UDFA,6,0.083,0.234,-0.151,0.13065601985658531
Steve Walters,WR,Day3+UDFA,5,1.2,0.234,0.966,0.13378071602729774
Sanjay Lal,WR,Day1,11,0.833,1.299,-0.466,0.1354861444609581
Nolan Cromwell,WR,Day3+UDFA,11,0.652,0.234,0.418,0.13744333040868595
Ron Middleton,TE,Day2,5,0.4,0.837,-0.437,0.1492772848662349
Sherman Smith,RB,Day2,7,0.719,1.096,-0.377,0.1495002445126278
Alfredo Roberts,TE,Day1,5,0.64,1.743,-1.103,0.15976709288934668
Craig Johnson,QB,Day1,5,0.9,1.321,-0.421,0.16056261767796554
Chad O'Shea,WR,Day3+UDFA,19,0.562,0.234,0.328,0.16438812540280262
Jemal Singleton,RB,Day3+UDFA,8,0.125,0.315,-0.19,0.17307767043754865
Kennedy Polamalu,RB,Day2,7,2.071,1.096,0.976,0.17833106918934846
Steve Hagen,TE,Day3+UDFA,12,0.153,0.281,-0.128,0.1835383974341442
Bobby Engram,WR,Day3+UDFA,14,0.119,0.234,-0.115,0.18852896904477404
Darrell Bevell,QB,Day3+UDFA,6,0.167,0.419,-0.253,0.18975236581428206
Brian Daboll,WR,Day2,7,0.321,0.63,-0.308,0.19097376122008108
Charles London,RB,Day3+UDFA,12,0.958,0.315,0.644,0.1914289898889721
Eric Yarber,WR,Day2,9,1.348,0.63,0.718,0.19521976966969554
Stan Hixon,WR,Day1,5,2.05,1.299,0.751,0.2001655780737969
Kyle Caskey,RB,Day2,5,1.77,1.096,0.674,0.2041724558283131
Chick Harris,RB,Day2,7,0.643,1.096,-0.453,0.20423241375639362
Edgar Bennett,WR,Day2,12,1.115,0.63,0.485,0.20540864349597224
Rob Moore,WR,Day3+UDFA,25,0.12,0.234,-0.114,0.20765810631156287
Darryl Drake,WR,Day3+UDFA,14,0.857,0.234,0.623,0.21324762027147218
Ken O'Keefe,WR,Day3+UDFA,6,0.722,0.234,0.488,0.22029186656949898
Frank Smith,TE,Day3+UDFA,8,1.042,0.281,0.76,0.2247196597606303
Tyke Tolbert,WR,Day3+UDFA,31,0.151,0.234,-0.083,0.22678971825734742
Rob Boras,TE,Day3+UDFA,16,0.167,0.281,-0.115,0.22875066606600236
Fred Graves,WR,Day2,14,1.0,0.63,0.37,0.2338925554055947
Chick Harris,RB,Day3+UDFA,16,0.804,0.315,0.49,0.24376347315664978
David Culley,WR,Day2,7,1.424,0.63,0.794,0.2497610878842511
Mick Lombardi,WR,Day3+UDFA,6,0.667,0.234,0.433,0.25081790848963975
Richard Williamson,WR,Day3+UDFA,5,0.1,0.234,-0.134,0.2516677355971165
Josh Grizzard,WR,Day3+UDFA,5,0.1,0.234,-0.134,0.2516677355971165
James Urban,WR,Day2,7,0.393,0.63,-0.237,0.25393940112243735
Pete Metzelaars,TE,Day3+UDFA,7,1.0,0.281,0.719,0.259560042139479
Lunda Wells,TE,Day3+UDFA,10,0.742,0.281,0.46,0.2677411625501715
Brian Fleury,TE,Day3+UDFA,5,1.45,0.281,1.169,0.26820182335415915
Jason Vrable,WR,Day2,5,1.8,0.63,1.17,0.2707747337842575
Kelly Skipper,RB,Day3+UDFA,19,0.175,0.315,-0.139,0.2735410481821658
Craig Ver Steeg,RB,Day3+UDFA,7,0.143,0.315,-0.172,0.2745439366544393
Keenan McCardell,WR,Day2,7,1.024,0.63,0.394,0.2830670348903549
Brian Daboll,WR,Day3+UDFA,6,0.55,0.234,0.316,0.28317783422856885
Nolan Cromwell,WR,Day2,8,1.025,0.63,0.395,0.2853189801799556
Edgar Bennett,WR,Day3+UDFA,20,0.407,0.234,0.173,0.289478686279728
Kelly Skipper,RB,Day2,11,0.727,1.096,-0.368,0.29179275250126524
Stump Mitchell,RB,Day2,7,1.764,1.096,0.669,0.29217609582350107
Hubbard Alexander,WR,Day3+UDFA,5,1.0,0.234,0.766,0.2924305434615372
Jimmy Robinson,WR,Day3+UDFA,9,0.583,0.234,0.349,0.30281054437630556
Wes Chandler,WR,Day1,6,0.75,1.299,-0.549,0.3031735979693036
Wade Wilson,QB,Day3+UDFA,7,0.908,0.419,0.489,0.30358236529139637
Mike Sheppard,WR,Day2,7,1.226,0.63,0.596,0.31889717911693305
James Urban,QB,Day1,5,1.9,1.321,0.579,0.31980004901369985
Brian Angelichio,TE,Day2,9,0.593,0.837,-0.244,0.3280461220554756
Mike McDaniel,WR,Day3+UDFA,8,0.625,0.234,0.391,0.3316263796608566
Andrew Hayes-Stoker,WR,Day2,5,0.3,0.63,-0.33,0.3332863473203128
Sean Ryan,QB,Day3+UDFA,5,0.2,0.419,-0.219,0.33410357891774717
Thomas Hammock,RB,Day3+UDFA,8,0.646,0.315,0.331,0.3398613888776858
Bob Bicknell,WR,Day2,6,1.222,0.63,0.592,0.34024793402430853
Anthony Lynn,RB,Day2,5,2.0,1.096,0.904,0.3405866538748967
Todd Monken,WR,Day3+UDFA,11,0.136,0.234,-0.098,0.3407794992940932
Robert Ford,WR,Day3+UDFA,6,0.139,0.234,-0.095,0.3416654907607056
Bret Ingalls,RB,Day3+UDFA,6,1.042,0.315,0.727,0.34434469211131097
George Godsey,TE,Day2,6,1.722,0.837,0.886,0.3449074125941816
Jim Hostler,WR,Day1,8,0.812,1.299,-0.487,0.345491200264866
Doug Nussmeier,QB,Day3+UDFA,5,1.067,0.419,0.647,0.3479459800065127
Kirby Wilson,RB,Day3+UDFA,30,0.217,0.315,-0.098,0.35235630053672357
Charlie Joiner,WR,Day3+UDFA,11,0.43,0.234,0.196,0.3561235665177542
Darryl Drake,WR,Day1,5,0.77,1.299,-0.529,0.3643556475169966
Mike Pope,TE,Day3+UDFA,10,0.55,0.281,0.269,0.36757052859353795
Andrew Hayes-Stoker,WR,Day3+UDFA,9,0.778,0.234,0.544,0.3694903171946688
Luke Steckel,TE,Day3+UDFA,7,0.143,0.281,-0.138,0.370199485604713
Edgar Bennett,RB,Day3+UDFA,9,0.667,0.315,0.352,0.3724842329191274
Danny Barrett,RB,Day3+UDFA,10,0.6,0.315,0.285,0.37460991461913823
Robert Prince,WR,Day1,5,2.0,1.299,0.701,0.3777648948085074
Bob Palcic,TE,Day3+UDFA,5,0.5,0.281,0.219,0.3832564219689886
Anthony Lynn,RB,Day3+UDFA,18,0.194,0.315,-0.12,0.3855101647106491
Tom Melvin,TE,Day3+UDFA,16,0.169,0.281,-0.112,0.38764465964976774
Shawn Jefferson,WR,Day2,23,0.464,0.63,-0.166,0.3923356012306134
Eric Studesville,RB,Day2,8,1.698,1.096,0.602,0.393106372103163
David Raih,WR,Day2,5,1.5,0.63,0.87,0.3987037646958889
Fred Graves,WR,Day1,6,0.917,1.299,-0.383,0.40066309081872875
Mark Hutson,TE,Day3+UDFA,6,0.75,0.281,0.469,0.402174352436259
John Perry,WR,Day3+UDFA,6,0.417,0.234,0.183,0.4041751474908402
Wade Harman,TE,Day3+UDFA,13,0.487,0.281,0.206,0.40436799340037677
Mike Mularkey,TE,Day3+UDFA,5,1.0,0.281,0.719,0.40595847183460715
Mike Sullivan,WR,Day2,6,0.444,0.63,-0.185,0.4069965614357601
Ben Johnson,WR,Day3+UDFA,5,0.6,0.234,0.366,0.4118168642221673
Joker Phillips,WR,Day3+UDFA,5,0.6,0.234,0.366,0.4118168642221673
Charlie Williams,WR,Day3+UDFA,5,0.6,0.234,0.366,0.41181686422216746
Earnest Byner,RB,Day3+UDFA,10,0.2,0.315,-0.115,0.41232417822960304
Aaron Moorehead,WR,Day3+UDFA,8,0.125,0.234,-0.109,0.412618854557373
Arthur Smith,TE,Day3+UDFA,5,0.9,0.281,0.619,0.413197583498586
Earle Mosley,RB,Day3+UDFA,6,0.167,0.315,-0.148,0.41536981507288306
Autry Denson,RB,Day3+UDFA,6,0.167,0.315,-0.148,0.41536981507288306
Bo Hardegree,QB,Day2,5,0.4,0.62,-0.22,0.41951186237230964
John Tice,TE,Day3+UDFA,5,0.8,0.281,0.519,0.42389545824485697
Stan Hixon,WR,Day2,8,0.417,0.63,-0.213,0.4355920435339434
Ronald Curry,WR,Day2,7,1.095,0.63,0.465,0.4357035355536017
George Godsey,TE,Day3+UDFA,6,0.833,0.281,0.552,0.4370946795661373
Clancy Barone,TE,Day2,5,1.3,0.837,0.463,0.43801165023198124
Henry Ellard,WR,Day3+UDFA,14,0.381,0.234,0.147,0.4473564546259107
Chad Hall,WR,Day3+UDFA,12,0.486,0.234,0.252,0.4491637458888383
Jon Embree,TE,Day3+UDFA,8,0.688,0.281,0.406,0.45038180753406626
Jason Vrable,WR,Day3+UDFA,11,0.394,0.234,0.16,0.45052424505236344
Ken Zampese,QB,Day3+UDFA,6,0.583,0.419,0.164,0.4513650103515016
Greg Lewis,WR,Day3+UDFA,8,0.625,0.234,0.391,0.45777457488012974
Todd Monken,WR,Day2,6,0.417,0.63,-0.213,0.46761410051121327
James Urban,WR,Day3+UDFA,9,0.148,0.234,-0.086,0.4684582866252387
Richard Mann,WR,Day2,9,0.963,0.63,0.333,0.46973682841030956
Pete Hoener,TE,Day3+UDFA,13,0.462,0.281,0.18,0.47276533842380547
Phil McGeoghan,WR,Day2,5,1.2,0.63,0.57,0.4811363065835141
Jim Anderson,RB,Day3+UDFA,9,0.528,0.315,0.213,0.48330803367804936
Ray Sherman,WR,Day1,6,1.111,1.299,-0.188,0.4851513486714578
Tony Dews,RB,Day2,6,1.65,1.096,0.554,0.48562291495388327
Greg Olson,QB,Day2,6,0.417,0.62,-0.204,0.48694283783038594
James Saxon,RB,Day3+UDFA,13,0.574,0.315,0.26,0.49446492844752615
Tom Rathman,RB,Day3+UDFA,22,0.227,0.315,-0.087,0.4966357636114537
Curtis Modkins,RB,Day2,7,0.762,1.096,-0.334,0.49904930344468906
David Culley,WR,Day3+UDFA,8,0.146,0.234,-0.088,0.4998255871794458
Pat McPherson,TE,Day3+UDFA,11,0.197,0.281,-0.084,0.500908577204433
Keenan McCardell,WR,Day3+UDFA,15,0.317,0.234,0.083,0.5019800466827513
Justin Outten,TE,Day3+UDFA,5,0.533,0.281,0.252,0.5033021529924646
Mike Wilson,WR,Day2,5,1.1,0.63,0.47,0.5035092478105965
Bill Musgrave,QB,Day1,5,1.0,1.321,-0.321,0.5122152149587995
John McNulty,WR,Day2,5,1.067,0.63,0.437,0.5129806625018293
Eric Yarber,WR,Day3+UDFA,19,0.382,0.234,0.148,0.5135483130857056
Willie Taggart,RB,Day3+UDFA,5,0.6,0.315,0.285,0.5149727235757989
Antwaan Randle El,WR,Day3+UDFA,9,0.5,0.234,0.266,0.5151844475261655
Ricky Thomas,TE,Day3+UDFA,7,0.452,0.281,0.171,0.5168113533037983
Skip Peete,RB,Day2,12,1.486,1.096,0.39,0.5168730052228789
Mike Groh,WR,Day2,12,0.458,0.63,-0.172,0.5185531851769135
Richard Williamson,WR,Day2,5,1.084,0.63,0.454,0.5192451434345486
Bob Bicknell,TE,Day3+UDFA,6,0.167,0.281,-0.115,0.5224783200400263
Shane Day,TE,Day3+UDFA,6,0.167,0.281,-0.115,0.5224783200400263
John Lilly,TE,Day3+UDFA,6,0.167,0.281,-0.115,0.5224783200400263
Zach Azzanni,WR,Day2,9,0.889,0.63,0.259,0.524075289465685
Sam Gash,RB,Day3+UDFA,7,0.214,0.315,-0.1,0.5249763049112284
Wilbert Montgomery,RB,Day2,6,0.722,1.096,-0.373,0.5251904994602237
Mike Furrey,WR,Day3+UDFA,6,0.417,0.234,0.183,0.5303714380743537
Kippy Brown,WR,Day3+UDFA,16,0.343,0.234,0.109,0.5322469773202171
Bobby Williams,WR,Day3+UDFA,5,0.4,0.234,0.166,0.5348544261360902
Todd Haley,WR,Day2,6,1.111,0.63,0.481,0.5353772383752168
David Shaw,WR,Day3+UDFA,7,0.429,0.234,0.195,0.5369367666697515
Mike Johnson,WR,Day3+UDFA,7,0.429,0.234,0.195,0.5369367666697515
Frisman Jackson,WR,Day3+UDFA,11,0.364,0.234,0.13,0.5376006215208232
Tyrone Wheatley,RB,Day3+UDFA,9,0.556,0.315,0.241,0.5404028813472747
George Stewart,WR,Day2,9,0.972,0.63,0.342,0.5419702042789721
Kennedy Polamalu,RB,Day3+UDFA,13,0.218,0.315,-0.097,0.5443109362279663
Nate Carroll,WR,Day3+UDFA,7,0.143,0.234,-0.091,0.5475602555551086
Keith Williams,WR,Day3+UDFA,7,0.143,0.234,-0.091,0.5475602555551086
John McNulty,WR,Day3+UDFA,9,0.444,0.234,0.211,0.5505600009169597
Rob Boras,TE,Day2,6,0.639,0.837,-0.198,0.553628546122486
Larry Kirksey,WR,Day1,7,0.959,1.299,-0.34,0.5537882088129059
Sean Ryan,QB,Day1,6,1.75,1.321,0.429,0.5561306189673464
Ollie Wilson,RB,Day1,7,1.569,1.9,-0.331,0.5618117820568738
Brian Angelichio,TE,Day3+UDFA,13,0.423,0.281,0.142,0.5640839949930139
Bobby Turner,RB,Day2,9,1.417,1.096,0.321,0.5641667634142578
Sanjay Lal,WR,Day3+UDFA,28,0.193,0.234,-0.04,0.5686345781171732
Gary Brown,RB,Day3+UDFA,14,0.44,0.315,0.126,0.5697662766609899
Jimmie Johnson,TE,Day2,5,0.647,0.837,-0.19,0.570819790595524
Randy Jordan,RB,Day3+UDFA,16,0.396,0.315,0.081,0.5731090917184243
Terry Robiskie,RB,Day3+UDFA,5,0.8,0.315,0.485,0.5767786206115947
Mark Ridgley,RB,Day3+UDFA,5,0.8,0.315,0.485,0.5767786206115947
Duce Staley,RB,Day2,5,1.5,1.096,0.404,0.5792282824214541
David Walker,RB,Day3+UDFA,12,0.472,0.315,0.158,0.5803089696258539
Eric Bieniemy,RB,Day3+UDFA,8,0.479,0.315,0.165,0.5807777638539993
Alex Van Pelt,QB,Day3+UDFA,5,0.3,0.419,-0.119,0.582432406235679
Ron Middleton,TE,Day3+UDFA,18,0.213,0.281,-0.068,0.582762598858095
Ike Hilliard,WR,Day3+UDFA,18,0.319,0.234,0.086,0.5848937851335914
Chad O'Shea,WR,Day2,13,0.513,0.63,-0.117,0.5855428798746336
Mike Groh,WR,Day1,5,1.6,1.299,0.301,0.586992961017412
Wes Welker,WR,Day2,5,1.0,0.63,0.37,0.5897927409122017
Justin Peelle,TE,Day3+UDFA,8,0.417,0.281,0.135,0.589917911525696
Stan Hixon,WR,Day3+UDFA,15,0.333,0.234,0.099,0.5900863409870745
Andy Bischoff,TE,Day3+UDFA,16,0.375,0.281,0.094,0.5973893852500727
Steve Logan,RB,Day3+UDFA,6,0.222,0.315,-0.092,0.5992567950312246
Ollie Wilson,RB,Day3+UDFA,10,0.483,0.315,0.169,0.6003675084014076
Charlie Baggett,WR,Day3+UDFA,8,0.375,0.234,0.141,0.6082437379899025
Randy Jordan,RB,Day2,5,1.333,1.096,0.238,0.6110892444678107
Joe Bleymaier,WR,Day3+UDFA,6,0.5,0.234,0.266,0.6173478905798021
Ted Gilmore,WR,Day3+UDFA,7,0.333,0.234,0.099,0.6175752521397001
Maurice Carthon,RB,Day3+UDFA,7,0.5,0.315,0.185,0.6267467211420156
Gerald Brown,RB,Day3+UDFA,6,0.55,0.315,0.235,0.6287116624948701
Alfredo Roberts,TE,Day2,7,1.05,0.837,0.213,0.6402450545086434
Nick Sirianni,WR,Day3+UDFA,8,0.312,0.234,0.079,0.6421623250609476
Jim Skipper,RB,Day3+UDFA,11,0.227,0.315,-0.087,0.643344524486168
Curtis Modkins,RB,Day1,5,1.767,1.9,-0.133,0.6435138484659588
Anthony Lynn,RB,Day1,5,2.2,1.9,0.3,0.6454657642334968
Chad Morton,RB,Day2,6,0.833,1.096,-0.262,0.6491427394193963
Tyler Bowen,TE,Day3+UDFA,5,0.4,0.281,0.119,0.6530773284300165
Rob Moore,WR,Day2,7,0.452,0.63,-0.177,0.6533738982780495
Deland McCullough,RB,Day3+UDFA,7,0.214,0.315,-0.1,0.65617240282241
Dave Brock,RB,Day3+UDFA,5,0.6,0.315,0.285,0.6591379521870264
Charlie Williams,WR,Day1,5,1.0,1.299,-0.299,0.6607887953024146
James Lofton,WR,Day1,5,1.0,1.299,-0.299,0.6607887953024146
James Saxon,RB,Day2,9,1.367,1.096,0.271,0.6608817751400038
Kevin Garver,WR,Day3+UDFA,10,0.35,0.234,0.116,0.6641807456601103
Nick Caley,TE,Day3+UDFA,7,0.214,0.281,-0.067,0.6684324320906676
Wes Welker,WR,Day3+UDFA,11,0.379,0.234,0.145,0.6716553699015169
Jerry Sullivan,WR,Day2,8,0.792,0.63,0.162,0.6725376067920388
Sylvester Croom,RB,Day2,7,1.429,1.096,0.333,0.6733113215194874
Ben McAdoo,TE,Day3+UDFA,6,0.208,0.281,-0.073,0.6744372680126648
Chris Beatty,WR,Day2,6,0.889,0.63,0.259,0.6746574932307619
Larry Kirksey,WR,Day3+UDFA,10,0.3,0.234,0.066,0.6752918378228494
Tom Melvin,TE,Day2,5,1.2,0.837,0.363,0.6776616803522462
Sean Ryan,WR,Day3+UDFA,6,0.417,0.234,0.183,0.6791901161950327
Ted Williams,RB,Day2,7,1.387,1.096,0.291,0.6816163523584138
John Morton,WR,Day3+UDFA,9,0.333,0.234,0.099,0.6841662299619283
Sean Ryan,WR,Day2,7,0.786,0.63,0.156,0.6926604388847248
Bernie Parmalee,RB,Day3+UDFA,18,0.389,0.315,0.074,0.6971941565952181
Mike LaFleur,WR,Day3+UDFA,6,0.167,0.234,-0.067,0.703422313115068
Mike Pope,TE,Day2,6,0.667,0.837,-0.17,0.703610298031939
Tim Kelly,TE,Day3+UDFA,5,0.4,0.281,0.119,0.7045518817449306
Steve Heiden,TE,Day3+UDFA,5,0.2,0.281,-0.081,0.7054769194543393
Frisman Jackson,WR,Day2,13,0.538,0.63,-0.091,0.7060559844008036
George Stewart,WR,Day3+UDFA,16,0.294,0.234,0.06,0.7203520534236315
Adam Henry,WR,Day2,10,0.75,0.63,0.12,0.7217928824278568
James Casey,TE,Day3+UDFA,6,0.222,0.281,-0.059,0.7349967910202001
Robert Prince,WR,Day3+UDFA,23,0.284,0.234,0.05,0.7379127474947581
Shawn Jefferson,WR,Day1,10,1.447,1.299,0.147,0.740666500316185
Gene Huey,RB,Day3+UDFA,8,0.417,0.315,0.102,0.7440778730522328
Burton Burns,RB,Day3+UDFA,5,0.4,0.315,0.085,0.7449690296247199
Justin Hill,RB,Day3+UDFA,6,0.444,0.315,0.13,0.7475606906453834
Eddie Faulkner,RB,Day3+UDFA,8,0.406,0.315,0.092,0.7489249683036586
Ben Sirmans,RB,Day3+UDFA,13,0.393,0.315,0.078,0.749807029581123
Steve Watson,WR,Day3+UDFA,5,0.35,0.234,0.116,0.7567109870602378
Drew Terrell,WR,Day2,6,0.528,0.63,-0.102,0.7608218242053002
Reggie Wayne,WR,Day2,5,0.75,0.63,0.12,0.7621444358565824
Pat McPherson,TE,Day2,10,0.717,0.837,-0.12,0.7625040180254945
Jerry Sullivan,WR,Day3+UDFA,19,0.281,0.234,0.047,0.7638311596100629
Ben Steele,TE,Day3+UDFA,7,0.214,0.281,-0.067,0.7653590004290338
Josh McDaniels,QB,Day3+UDFA,6,0.556,0.419,0.136,0.7675667085125444
Tyke Tolbert,WR,Day1,11,1.431,1.299,0.132,0.7683645911503485
Ike Hilliard,WR,Day2,14,0.714,0.63,0.084,0.7722421030335862
Noel Mazzone,WR,Day3+UDFA,6,0.333,0.234,0.099,0.7774227450619965
Johnny Roland,RB,Day3+UDFA,9,0.389,0.315,0.074,0.7828500652374436
Henry Ellard,WR,Day1,6,1.417,1.299,0.117,0.7893511604949666
Fred Graves,WR,Day3+UDFA,18,0.269,0.234,0.035,0.7909364465699573
Jeff Nixon,RB,Day3+UDFA,6,0.25,0.315,-0.065,0.8063617849736398
Pep Hamilton,QB,Day1,6,1.167,1.321,-0.155,0.8071869383764266
Wes Phillips,TE,Day3+UDFA,8,0.354,0.281,0.073,0.8082346561065369
Jon Embree,TE,Day2,5,1.0,0.837,0.163,0.8088585470696876
Tim Spencer,RB,Day2,5,0.91,1.096,-0.186,0.8134550862340061
Chad O'Shea,WR,Day1,5,1.4,1.299,0.101,0.813511343675711
Terry Malone,TE,Day3+UDFA,6,0.333,0.281,0.052,0.8145647151507099
Robert Prince,WR,Day2,13,0.573,0.63,-0.057,0.815982383503546
Charlie Joiner,WR,Day2,6,0.542,0.63,-0.088,0.825110600645947
Stump Mitchell,RB,Day3+UDFA,15,0.35,0.315,0.035,0.82572915806199
Dave Brock,WR,Day3+UDFA,7,0.19,0.234,-0.043,0.8273265041509744
Mike McCoy,QB,Day3+UDFA,6,0.367,0.419,-0.053,0.8299153549274109
Aaron Moorehead,WR,Day2,5,0.75,0.63,0.12,0.8336651103622923
Vinnie Sunseri,RB,Day3+UDFA,5,0.4,0.315,0.085,0.8414000865319847
John DeFilippo,QB,Day1,6,1.25,1.321,-0.071,0.8505646336740125
John Dunn,TE,Day3+UDFA,8,0.312,0.281,0.031,0.8522997078085511
Adam Henry,WR,Day3+UDFA,21,0.262,0.234,0.028,0.8525719083685744
Terry Robiskie,WR,Day1,6,1.417,1.299,0.117,0.8551987360367245
Sanjay Lal,WR,Day2,21,0.667,0.63,0.037,0.8552059445296265
Jason Michael,TE,Day3+UDFA,14,0.321,0.281,0.04,0.8577372775013292
Ben McDaniels,WR,Day2,8,0.562,0.63,-0.067,0.8612019709119572
Jimmie Johnson,TE,Day3+UDFA,12,0.25,0.281,-0.031,0.8650604954619197
Chad Hall,WR,Day2,6,0.583,0.63,-0.047,0.8706120151962141
Todd Haley,WR,Day3+UDFA,5,0.2,0.234,-0.034,0.8737155812033166
John Garrett,WR,Day3+UDFA,5,0.2,0.234,-0.034,0.8737155812033166
Leonard Hankerson,WR,Day3+UDFA,5,0.2,0.234,-0.034,0.8737155812033166
Tyler Hughes,WR,Day3+UDFA,5,0.2,0.234,-0.034,0.8737155812033166
Ivan Fears,RB,Day2,7,1.171,1.096,0.075,0.87712218525919
Mike Groh,WR,Day3+UDFA,20,0.258,0.234,0.024,0.8778096949870264
Richard Angulo,TE,Day3+UDFA,9,0.333,0.281,0.052,0.8796239518428979
Greg Seamon,TE,Day3+UDFA,6,0.333,0.281,0.052,0.8818673556838674
Todd Downing,TE,Day3+UDFA,6,0.333,0.281,0.052,0.8818673556838674
Tom Manning,TE,Day3+UDFA,6,0.333,0.281,0.052,0.8818673556838674
Tyke Tolbert,WR,Day2,21,0.668,0.63,0.038,0.8818745567418084
Kirby Wilson,RB,Day2,5,1.0,1.096,-0.096,0.8870323396424425
Shawn Jefferson,WR,Day3+UDFA,20,0.25,0.234,0.016,0.892338668101621
Derrick Foster,RB,Day3+UDFA,11,0.364,0.315,0.049,0.895432209686943
Jimmy Robinson,WR,Day2,9,0.676,0.63,0.046,0.8954634317416746
Karl Dorrell,WR,Day2,7,0.571,0.63,-0.058,0.8960420035827
Larry Kirksey,WR,Day2,6,0.589,0.63,-0.041,0.9031260407528884
James Daniel,TE,Day3+UDFA,9,0.306,0.281,0.024,0.9144697764731909
Terry Robiskie,WR,Day2,13,0.61,0.63,-0.02,0.9203620264524379
Chad Morton,RB,Day3+UDFA,10,0.29,0.315,-0.025,0.9204529390634741
Bob Bicknell,WR,Day3+UDFA,19,0.246,0.234,0.012,0.9259126008976291
Kevin Patullo,WR,Day3+UDFA,6,0.25,0.234,0.016,0.9284519369623326
Jim Hostler,WR,Day3+UDFA,18,0.222,0.234,-0.012,0.9291997636816843
Darryl Drake,WR,Day2,13,0.603,0.63,-0.027,0.9296111866678596
Andy Bischoff,TE,Day2,5,0.9,0.837,0.063,0.9299983347797266
Phil McGeoghan,WR,Day3+UDFA,12,0.25,0.234,0.016,0.9300175263242877
Craig Johnson,RB,Day3+UDFA,7,0.298,0.315,-0.017,0.9305874904745767
Todd McNair,RB,Day3+UDFA,6,0.333,0.315,0.019,0.9326868161585853
Keenan McCardell,WR,Day1,6,1.244,1.299,-0.055,0.9341312153499651
Tony Dews,RB,Day3+UDFA,9,0.333,0.315,0.019,0.9344190226613882
John Morton,WR,Day1,8,1.344,1.299,0.045,0.9351733779726351
Mike Johnson,QB,Day3+UDFA,5,0.4,0.419,-0.019,0.940451293412417
Kirby Wilson,RB,Day1,7,1.857,1.9,-0.043,0.9408812576433859
Tom Rathman,RB,Day2,11,1.068,1.096,-0.028,0.9489062717679321
David Raih,WR,Day3+UDFA,8,0.25,0.234,0.016,0.950381024586894
James Lofton,WR,Day3+UDFA,8,0.225,0.234,-0.009,0.9540057293488697
Connor Embree,WR,Day2,5,0.6,0.63,-0.03,0.9627153887301609
Joel Thomas,RB,Day3+UDFA,14,0.321,0.315,0.007,0.9631100319394362
Terry Robiskie,WR,Day3+UDFA,13,0.231,0.234,-0.003,0.9800359408267417
Rick Christophel,TE,Day3+UDFA,6,0.278,0.281,-0.003,0.9836040760544918
Jake Moreland,TE,Day3+UDFA,7,0.286,0.281,0.005,0.9879430076062959
Eric Studesville,RB,Day3+UDFA,29,0.316,0.315,0.001,0.9904705528483447
James Saxon,RB,Day1,8,1.906,1.9,0.006,0.9914658397828018
Rob Moore,WR,Day1,9,1.296,1.299,-0.003,0.9932378064627546
Taylor Embree,RB,Day3+UDFA,8,0.312,0.315,-0.002,0.9934650297662141
Nick Caley,TE,Day2,6,0.833,0.837,-0.003,0.9957981635419219
Skip Peete,RB,Day3+UDFA,17,0.314,0.315,-0.001,0.9963856874990611
