coach_name,position,n_player_seasons,n_superstar_seasons,superstar_rate,league_base_rate,p_value
Kyle Shanahan,TE,20,8,0.4,0.07368918280585735,4.277563707830196e-05
Sean McDermott,QB,16,6,0.375,0.05466970387243736,0.00011240493899701555
Mike McCarthy,QB,30,6,0.2,0.05466970387243736,0.004511803151205136
Andy Reid,TE,63,11,0.1746031746031746,0.07368918280585735,0.005228260952742304
John Fox,WR,67,8,0.11940298507462686,0.0410126582278481,0.005579882997561008
Doug Pederson,TE,25,6,0.24,0.07368918280585735,0.00794343777446492
Marvin Lewis,WR,73,8,0.1095890410958904,0.0410126582278481,0.009343037406071869
Jim Schwartz,WR,25,4,0.16,0.0410126582278481,0.01758092885970233
Zac Taylor,WR,38,5,0.13157894736842105,0.0410126582278481,0.018305731807261943
Andy Reid,QB,40,6,0.15,0.05466970387243736,0.018868664658749548
Norv Turner,TE,22,5,0.22727272727272727,0.07368918280585735,0.019218895963545625
Anthony Lynn,RB,18,5,0.2777777777777778,0.09202226345083488,0.019973331219162335
Sean Payton,RB,62,11,0.1774193548387097,0.09202226345083488,0.025873071171144926
Marvin Lewis,RB,43,0,0.0,0.09202226345083488,0.02936010048960592
Mike Tice,WR,18,3,0.16666666666666666,0.0410126582278481,0.03512375227295615
Kevin O'Connell,WR,18,3,0.16666666666666666,0.0410126582278481,0.03512375227295615
Bill Belichick,TE,60,9,0.15,0.07368918280585735,0.03836560642270754
Dan Quinn,WR,47,5,0.10638297872340426,0.0410126582278481,0.04173005657427548
Mike McDaniel,RB,15,4,0.26666666666666666,0.09202226345083488,0.04238570110116581
Bill O'Brien,WR,34,4,0.11764705882352941,0.0410126582278481,0.048553709344884975
Gary Kubiak,WR,49,5,0.10204081632653061,0.0410126582278481,0.04862478324942566
Bill Belichick,QB,38,5,0.13157894736842105,0.05466970387243736,0.051979800266875105
Tony Dungy,WR,21,3,0.14285714285714285,0.0410126582278481,0.05237077177147867
Mike McCarthy,WR,83,7,0.08433734939759036,0.0410126582278481,0.08212379168197124
Mike McCarthy,RB,49,1,0.02040816326530612,0.09202226345083488,0.0828959358370508
John Harbaugh,QB,31,4,0.12903225806451613,0.05466970387243736,0.08448752603992489
Tom Coughlin,WR,58,5,0.08620689655172414,0.0410126582278481,0.08749273343392797
Andy Reid,RB,89,13,0.14606741573033707,0.09202226345083488,0.08989000763104386
Todd Bowles,RB,28,0,0.0,0.09202226345083488,0.1042476259368981
Mike Tomlin,WR,93,7,0.07526881720430108,0.0410126582278481,0.10484580028555014
Sean Payton,QB,22,3,0.13636363636363635,0.05466970387243736,0.11453566085471423
Ron Rivera,WR,69,0,0.0,0.0410126582278481,0.11619296047384417
Jason Garrett,RB,34,6,0.17647058823529413,0.09202226345083488,0.12287665649617724
Dave McGinnis,WR,15,2,0.13333333333333333,0.0410126582278481,0.12387100086564544
Sean McVay,WR,47,4,0.0851063829787234,0.0410126582278481,0.12493274971757605
Mike Smith,WR,31,3,0.0967741935483871,0.0410126582278481,0.13212336915662004
Jason Garrett,TE,27,4,0.14814814814814814,0.07368918280585735,0.13259580819799605
Zac Taylor,RB,22,4,0.18181818181818182,0.09202226345083488,0.13756966315001853
Dirk Koetter,WR,16,2,0.125,0.0410126582278481,0.1379115365995014
Dan Campbell,WR,32,3,0.09375,0.0410126582278481,0.14164498233742726
Brian Billick,TE,18,3,0.16666666666666666,0.07368918280585735,0.141971909102523
Pat Shurmur,RB,15,3,0.2,0.09202226345083488,0.1536972231649032
Mike Vrabel,RB,23,4,0.17391304347826086,0.09202226345083488,0.15520658487380856
Ron Rivera,TE,29,4,0.13793103448275862,0.07368918280585735,0.160579026345352
Mike Zimmer,WR,34,3,0.08823529411764706,0.0410126582278481,0.16134102598944142
Dick Jauron,RB,25,0,0.0,0.09202226345083488,0.16165797140142318
Tom Coughlin,TE,30,0,0.0,0.07368918280585735,0.1637245369342897
Lovie Smith,TE,31,0,0.0,0.07368918280585735,0.16437952223813707
Jon Gruden,RB,41,1,0.024390243902439025,0.09202226345083488,0.17358752543153724
Jim Schwartz,RB,16,3,0.1875,0.09202226345083488,0.17703622054365184
Jim Caldwell,TE,20,3,0.15,0.07368918280585735,0.17861211453397388
Bruce Arians,QB,16,2,0.125,0.05466970387243736,0.21644990549421822
Mike McDaniel,WR,22,2,0.09090909090909091,0.0410126582278481,0.2273894855821949
Gus Bradley,WR,23,2,0.08695652173913043,0.0410126582278481,0.24278483275529772
Jim Harbaugh,RB,21,0,0.0,0.09202226345083488,0.2514642019871275
Chuck Pagano,RB,21,0,0.0,0.09202226345083488,0.2514642019871275
Doug Marrone,TE,24,0,0.0,0.07368918280585735,0.2525951322484412
Sean McVay,TE,24,0,0.0,0.07368918280585735,0.2525951322484412
Sean McDermott,TE,26,0,0.0,0.07368918280585735,0.2544344802155808
Jay Gruden,RB,22,0,0.0,0.09202226345083488,0.25610844366516006
Steve Mariucci,WR,24,2,0.08333333333333333,0.0410126582278481,0.25822419514649164
Jack Del Rio,TE,28,0,0.0,0.07368918280585735,0.2619246727911453
Ken Whisenhunt,RB,23,0,0.0,0.09202226345083488,0.2627473790186713
Rex Ryan,RB,23,0,0.0,0.09202226345083488,0.2627473790186713
John Harbaugh,WR,88,1,0.011363636363636364,0.0410126582278481,0.267544089535791
Bill Belichick,RB,91,5,0.054945054945054944,0.09202226345083488,0.26861975592190535
Jack Del Rio,WR,51,0,0.0,0.0410126582278481,0.2714821339786453
Ron Rivera,QB,19,2,0.10526315789473684,0.05466970387243736,0.2787465001613526
Romeo Crennel,TE,15,2,0.13333333333333333,0.07368918280585735,0.3043082942522699
Norv Turner,RB,27,4,0.14814814814814814,0.09202226345083488,0.3056553301008531
Sean McVay,RB,27,4,0.14814814814814814,0.09202226345083488,0.3056553301008531
Pat Shurmur,TE,16,2,0.125,0.07368918280585735,0.3323095936994625
Jay Gruden,TE,16,2,0.125,0.07368918280585735,0.3323095936994625
Mike Zimmer,RB,29,4,0.13793103448275862,0.09202226345083488,0.33459913446424616
Jim Caldwell,WR,29,2,0.06896551724137931,0.0410126582278481,0.3351330934489482
Raheem Morris,TE,17,2,0.11764705882352941,0.07368918280585735,0.35998836509019566
Ken Whisenhunt,WR,32,2,0.0625,0.0410126582278481,0.38025660864845345
Mike Tice,RB,15,0,0.0,0.09202226345083488,0.38780003593618717
John Harbaugh,TE,47,5,0.10638297872340426,0.07368918280585735,0.38919413540448944
Steve Mariucci,RB,16,0,0.0,0.09202226345083488,0.389475787954011
Jack Del Rio,RB,38,5,0.13157894736842105,0.09202226345083488,0.390269879537796
Dick Jauron,TE,20,0,0.0,0.07368918280585735,0.3934021059694145
Bill O'Brien,TE,20,0,0.0,0.07368918280585735,0.3934021059694145
Gus Bradley,RB,17,0,0.0,0.09202226345083488,0.3940436900461888
Adam Gase,RB,17,0,0.0,0.09202226345083488,0.3940436900461888
Norv Turner,WR,35,0,0.0,0.0410126582278481,0.40090806679078866
Zac Taylor,TE,22,0,0.0,0.07368918280585735,0.40150942964025
Doug Marrone,WR,36,0,0.0,0.0410126582278481,0.4017370552915282
Rex Ryan,WR,37,0,0.0,0.0410126582278481,0.403119748262288
Dick Jauron,WR,38,0,0.0,0.0410126582278481,0.4050257366562533
Todd Bowles,TE,23,0,0.0,0.07368918280585735,0.40787171512444775
Mike Vrabel,TE,23,0,0.0,0.07368918280585735,0.40787171512444775
Doug Pederson,WR,40,0,0.0,0.0410126582278481,0.41029042098027
Matt LaFleur,WR,45,3,0.06666666666666667,0.0410126582278481,0.4306531878804768
Bill Belichick,WR,108,6,0.05555555555555555,0.0410126582278481,0.4534003310234923
Jon Gruden,TE,28,3,0.10714285714285714,0.07368918280585735,0.4565690121438778
Jason Garrett,WR,52,3,0.057692307692307696,0.0410126582278481,0.47174399045235504
John Fox,RB,54,3,0.05555555555555555,0.09202226345083488,0.4772373626020709
Doug Marrone,RB,24,3,0.125,0.09202226345083488,0.47985122246075346
Matt LaFleur,RB,24,3,0.125,0.09202226345083488,0.47985122246075346
Brian Daboll,WR,17,1,0.058823529411764705,0.0410126582278481,0.5100208961801049
John Harbaugh,RB,63,7,0.1111111111111111,0.09202226345083488,0.5128289231080476
Doug Pederson,RB,30,1,0.03333333333333333,0.09202226345083488,0.5176073060558115
Gary Kubiak,RB,35,4,0.11428571428571428,0.09202226345083488,0.5577834469942649
Leslie Frazier,WR,20,1,0.05,0.0410126582278481,0.5681220018033426
Tom Coughlin,RB,39,2,0.05128205128205128,0.09202226345083488,0.575749727236748
Ron Rivera,RB,39,2,0.05128205128205128,0.09202226345083488,0.575749727236748
Bruce Arians,RB,39,2,0.05128205128205128,0.09202226345083488,0.575749727236748
Mike Tomlin,TE,49,2,0.04081632653061224,0.07368918280585735,0.5782704771359098
Jim Haslett,WR,21,1,0.047619047619047616,0.0410126582278481,0.5859246063091591
Sean Payton,TE,56,5,0.08928571428571429,0.07368918280585735,0.6021002055975722
Joe Philbin,WR,22,1,0.045454545454545456,0.0410126582278481,0.6029977072961574
Mike McCoy,WR,22,1,0.045454545454545456,0.0410126582278481,0.6029977072961574
Kyle Shanahan,QB,18,0,0.0,0.05466970387243736,0.6189636949055244
Steve Spagnuolo,WR,23,1,0.043478260869565216,0.0410126582278481,0.6193710197752872
Kliff Kingsbury,WR,23,1,0.043478260869565216,0.0410126582278481,0.6193710197752872
Jon Gruden,QB,19,0,0.0,0.05466970387243736,0.619778501819164
Marvin Lewis,QB,19,0,0.0,0.05466970387243736,0.619778501819164
Lovie Smith,QB,20,0,0.0,0.05466970387243736,0.6216594126446471
Brad Childress,WR,24,0,0.0,0.0410126582278481,0.6231511395177787
Hue Jackson,WR,24,0,0.0,0.0410126582278481,0.6231511395177787
Frank Reich,WR,24,0,0.0,0.0410126582278481,0.6231511395177787
Mike Shanahan,WR,25,0,0.0,0.0410126582278481,0.623547089988866
Anthony Lynn,WR,25,0,0.0,0.0410126582278481,0.623547089988866
Brian Billick,WR,26,0,0.0,0.0410126582278481,0.6245484067737109
Herman Edwards,WR,26,0,0.0,0.0410126582278481,0.6245484067737109
Brad Childress,TE,16,0,0.0,0.07368918280585735,0.6248187181165822
Ken Whisenhunt,TE,16,0,0.0,0.07368918280585735,0.6248187181165822
Chuck Pagano,WR,27,0,0.0,0.0410126582278481,0.6261050603447798
Adam Gase,WR,27,0,0.0,0.0410126582278481,0.6261050603447798
Mike Mularkey,WR,28,0,0.0,0.0410126582278481,0.6281700761556037
Dennis Allen,WR,29,0,0.0,0.0410126582278481,0.6306993701848143
Rex Ryan,TE,17,0,0.0,0.07368918280585735,0.6307785826015225
Chuck Pagano,TE,17,0,0.0,0.07368918280585735,0.6307785826015225
Jay Gruden,WR,31,0,0.0,0.0410126582278481,0.6369879800027515
Jim Harbaugh,WR,32,0,0.0,0.0410126582278481,0.6406722133132292
Kevin Stefanski,WR,32,0,0.0,0.0410126582278481,0.6406722133132292
Herman Edwards,RB,15,2,0.13333333333333333,0.09202226345083488,0.642062283802229
Kevin Stefanski,TE,19,2,0.10526315789473684,0.07368918280585735,0.6460224674008608
Mike Tomlin,RB,64,7,0.109375,0.09202226345083488,0.6588787270624661
Raheem Morris,RB,18,2,0.1111111111111111,0.09202226345083488,0.6786626063050427
Kyle Shanahan,WR,48,1,0.020833333333333332,0.0410126582278481,0.7218822697502901
Jon Gruden,WR,51,1,0.0196078431372549,0.0410126582278481,0.7227541636431853
Brian Billick,RB,25,1,0.04,0.09202226345083488,0.7230937321573647
Lovie Smith,WR,58,1,0.017241379310344827,0.0410126582278481,0.7319948732187869
Sean McDermott,RB,30,3,0.1,0.09202226345083488,0.7524617643458578
Mike McCarthy,TE,47,4,0.0851063829787234,0.07368918280585735,0.7743894892254832
Andy Reid,WR,128,5,0.0390625,0.0410126582278481,1.0
Bill Cowher,RB,16,1,0.0625,0.09202226345083488,1.0
Bill Cowher,WR,24,1,0.041666666666666664,0.0410126582278481,1.0
Tom Coughlin,QB,15,0,0.0,0.05466970387243736,1.0
Dick Vermeil,WR,21,0,0.0,0.0410126582278481,1.0
Dick Jauron,QB,16,0,0.0,0.05466970387243736,1.0
Marty Schottenheimer,WR,21,0,0.0,0.0410126582278481,1.0
Mike Holmgren,WR,20,0,0.0,0.0410126582278481,1.0
Dom Capers,WR,17,0,0.0,0.0410126582278481,1.0
John Fox,QB,28,1,0.03571428571428571,0.05466970387243736,1.0
John Fox,TE,44,3,0.06818181818181818,0.07368918280585735,1.0
Marvin Lewis,TE,37,2,0.05405405405405406,0.07368918280585735,1.0
Jack Del Rio,QB,16,0,0.0,0.05466970387243736,1.0
Lovie Smith,RB,44,4,0.09090909090909091,0.09202226345083488,1.0
Romeo Crennel,RB,18,1,0.05555555555555555,0.09202226345083488,1.0
Romeo Crennel,WR,29,1,0.034482758620689655,0.0410126582278481,1.0
Mike Mularkey,RB,15,1,0.06666666666666667,0.09202226345083488,1.0
Mike Nolan,WR,16,0,0.0,0.0410126582278481,1.0
Sean Payton,WR,94,3,0.031914893617021274,0.0410126582278481,1.0
Rod Marinelli,WR,15,0,0.0,0.0410126582278481,1.0
Eric Mangini,WR,23,0,0.0,0.0410126582278481,1.0
Gary Kubiak,QB,15,0,0.0,0.05466970387243736,1.0
Gary Kubiak,TE,29,2,0.06896551724137931,0.07368918280585735,1.0
Mike Tomlin,QB,32,1,0.03125,0.05466970387243736,1.0
Ken Whisenhunt,QB,16,0,0.0,0.05466970387243736,1.0
Tony Sparano,WR,18,0,0.0,0.0410126582278481,1.0
Mike Smith,RB,19,1,0.05263157894736842,0.09202226345083488,1.0
Jim Caldwell,RB,27,2,0.07407407407407407,0.09202226345083488,1.0
Jim Schwartz,TE,15,1,0.06666666666666667,0.07368918280585735,1.0
Raheem Morris,WR,33,1,0.030303030303030304,0.0410126582278481,1.0
Chan Gailey,WR,17,0,0.0,0.0410126582278481,1.0
Jim Harbaugh,TE,20,1,0.05,0.07368918280585735,1.0
Mike Munchak,WR,15,0,0.0,0.0410126582278481,1.0
Pat Shurmur,WR,26,1,0.038461538461538464,0.0410126582278481,1.0
Todd Bowles,WR,54,2,0.037037037037037035,0.0410126582278481,1.0
Hue Jackson,RB,16,1,0.0625,0.09202226345083488,1.0
Bruce Arians,TE,25,1,0.04,0.07368918280585735,1.0
Bruce Arians,WR,49,2,0.04081632653061224,0.0410126582278481,1.0
Dennis Allen,RB,18,1,0.05555555555555555,0.09202226345083488,1.0
Mike McCoy,RB,17,1,0.058823529411764705,0.09202226345083488,1.0
Chip Kelly,WR,15,0,0.0,0.0410126582278481,1.0
Bill O'Brien,RB,22,2,0.09090909090909091,0.09202226345083488,1.0
Mike Zimmer,TE,21,1,0.047619047619047616,0.07368918280585735,1.0
Dan Campbell,RB,22,2,0.09090909090909091,0.09202226345083488,1.0
Dan Quinn,RB,29,2,0.06896551724137931,0.09202226345083488,1.0
Dan Quinn,TE,22,1,0.045454545454545456,0.07368918280585735,1.0
Sean McDermott,WR,49,2,0.04081632653061224,0.0410126582278481,1.0
Kyle Shanahan,RB,32,3,0.09375,0.09202226345083488,1.0
Matt Nagy,WR,17,0,0.0,0.0410126582278481,1.0
Mike Vrabel,WR,41,1,0.024390243902439025,0.0410126582278481,1.0
Matt LaFleur,TE,26,2,0.07692307692307693,0.07368918280585735,1.0
Brian Flores,RB,15,1,0.06666666666666667,0.09202226345083488,1.0
Brian Flores,WR,18,0,0.0,0.0410126582278481,1.0
Vic Fangio,WR,15,0,0.0,0.0410126582278481,1.0
Kevin Stefanski,RB,22,2,0.09090909090909091,0.09202226345083488,1.0
Joe Judge,WR,15,0,0.0,0.0410126582278481,1.0
Nick Sirianni,RB,17,1,0.058823529411764705,0.09202226345083488,1.0
Nick Sirianni,WR,22,0,0.0,0.0410126582278481,1.0
Arthur Smith,WR,15,0,0.0,0.0410126582278481,1.0
Robert Saleh,WR,18,0,0.0,0.0410126582278481,1.0
DeMeco Ryans,WR,17,0,0.0,0.0410126582278481,1.0
