coach,team,start,end,n_seasons
Aaron Glenn,NYJ,2025,2025,1
Aaron Kromer,CHI,2013,2014,2
Aaron Kromer,NO,2012,2012,1
Adam Gase,CHI,2015,2015,1
Adam Gase,DEN,2013,2014,2
Adam Gase,MIA,2016,2018,3
Adam Gase,NYJ,2019,2020,2
Adam Stenavich,GB,2022,2025,4
Al Saunders,KC,2001,2005,5
Al Saunders,LV,2011,2011,1
Alex Van Pelt,BUF,2009,2009,1
Alex Van Pelt,CLE,2020,2023,4
Alex Van Pelt,NE,2024,2024,1
Alex Wood,ARI,2004,2004,1
Andy Reid,KC,2013,2025,13
Andy Reid,PHI,2001,2012,12
Anthony Lynn,BUF,2016,2016,1
Anthony Lynn,DET,2021,2021,1
Anthony Lynn,LAC,2017,2020,4
Antonio Pierce,LV,2023,2024,2
Arthur Smith,ATL,2021,2023,3
Arthur Smith,PIT,2024,2025,2
Arthur Smith,TEN,2019,2020,2
Ben Johnson,CHI,2025,2025,1
Ben Johnson,DET,2022,2024,3
Ben McAdoo,CAR,2022,2022,1
Ben McAdoo,NYG,2014,2017,4
Bill Belichick,NE,2001,2023,23
Bill Callahan,DAL,2012,2013,2
Bill Callahan,LV,2001,2003,3
Bill Callahan,WAS,2019,2019,1
Bill Cowher,PIT,2001,2006,6
Bill Lazor,CHI,2020,2021,2
Bill Lazor,CIN,2017,2018,2
Bill Lazor,MIA,2014,2014,1
Bill Muir,KC,2011,2011,1
Bill Muir,TB,2002,2008,7
Bill Musgrave,DEN,2018,2018,1
Bill Musgrave,JAX,2003,2004,2
Bill Musgrave,LV,2015,2016,2
Bill Musgrave,MIN,2011,2013,3
Bill O'Brien,HOU,2014,2020,7
Bill O'Brien,NE,2011,2011,1
Bill O'Brien,NE,2023,2023,1
Bill Parcells,DAL,2005,2006,2
Bo Hardegree,LV,2023,2023,1
Bob Bratkowski,CIN,2001,2010,10
Bob Bratkowski,JAX,2012,2012,1
Bobby Jackson,LA,2001,2001,1
Bobby Petrino,ATL,2007,2007,1
Bobby Petrino,JAX,2001,2001,1
Bobby Slowik,HOU,2023,2024,2
Brad Childress,CLE,2012,2012,1
Brad Childress,KC,2016,2016,1
Brad Childress,MIN,2006,2010,5
Brad Childress,PHI,2002,2005,4
Brad Idzik,CAR,2024,2025,2
Brandon Staley,LAC,2021,2022,2
Brandon Staley; fired on December 15,LAC,2023,2023,1
Brian Billick,BAL,2001,2007,7
Brian Callahan,CIN,2019,2023,5
Brian Callahan,TEN,2024,2024,1
"Brian Callahan (fired October 13, 1–5 record)",TEN,2025,2025,1
Brian Daboll,BUF,2018,2021,4
Brian Daboll,CLE,2009,2010,2
Brian Daboll,KC,2012,2012,1
Brian Daboll,MIA,2011,2011,1
Brian Daboll,NYG,2022,2024,3
"Brian Daboll (fired November 10, 2–8 record)",NYG,2025,2025,1
Brian Flores,MIA,2019,2021,3
Brian Johnson,PHI,2023,2023,1
Brian Schottenheimer,DAL,2023,2025,3
Brian Schottenheimer,LA,2012,2014,3
Brian Schottenheimer,NYJ,2006,2011,6
Brian Schottenheimer,SEA,2018,2020,3
Bruce Arians,ARI,2013,2017,5
Bruce Arians,CLE,2001,2003,3
Bruce Arians,IND,2012,2012,1
Bruce Arians,PIT,2007,2011,5
Bruce Arians,TB,2019,2021,3
Bruce Coslet,DAL,2002,2002,1
Butch Davis,CLE,2001,2001,1
Byron Leftwich,TB,2019,2022,4
Cam Cameron,BAL,2008,2012,5
Cam Cameron,LAC,2002,2006,5
Cam Cameron,MIA,2007,2007,1
Carl Smith,JAX,2005,2006,2
Chad O'Shea,MIA,2019,2019,1
Chan Gailey,BUF,2010,2012,3
Chan Gailey,KC,2008,2008,1
Chan Gailey,MIA,2001,2001,1
Chan Gailey,MIA,2020,2020,1
Chan Gailey,NYJ,2015,2016,2
Charlie Weis,KC,2010,2010,1
Charlie Weis,NE,2001,2004,4
Chip Kelly,PHI,2013,2014,2
Chip Kelly,SF,2016,2016,1
Chip Kelly {{small|(fired on December 29)}},PHI,2015,2015,1
Chris Beatty,CHI,2024,2024,1
Chris Foerster,MIA,2004,2004,1
Chris Palmer,HOU,2002,2005,4
Chris Palmer,TEN,2011,2011,1
"Chris Palmer (fired Nov 26, 2012)",TEN,2012,2012,1
Chris Tabor,CAR,2023,2023,1
Chuck Pagano,IND,2012,2017,6
Clarence Shelmon,LAC,2007,2011,5
Clyde Christensen,IND,2010,2011,2
Clyde Christensen,MIA,2016,2017,2
Clyde Christensen,TB,2001,2001,1
Curtis Modkins,BUF,2010,2012,3
Curtis Modkins,SF,2016,2016,1
Dan Campbell,DET,2021,2025,5
Dan Campbell,MIA,2015,2015,1
Dan Henning,CAR,2002,2006,5
Dan Henning,MIA,2008,2010,3
Dan Pitcher,CIN,2024,2025,2
Dan Quinn,ATL,2015,2020,6
Dan Quinn,WAS,2024,2025,2
Darrell Bevell,DET,2019,2020,2
Darrell Bevell,JAX,2021,2021,1
Darrell Bevell,MIN,2006,2010,5
Darrell Bevell,SEA,2011,2017,7
Darren Rizzi,NO,2024,2024,1
Dave Campo,DAL,2002,2002,1
Dave Canales,CAR,2024,2025,2
Dave Canales,TB,2023,2023,1
Dave McGinnis,ARI,2001,2003,3
Dave Ragone,ATL,2021,2023,3
Dave Wannstedt,MIA,2001,2003,3
Dave Wannstedt (Games 1-9),MIA,2004,2004,1
David Culley,HOU,2021,2021,1
DeMeco Ryans,HOU,2023,2025,3
Declan Doyle,CHI,2025,2025,1
Dennis Allen,LV,2012,2014,3
Dennis Allen,NO,2022,2023,2
Dennis Allen (fired on November 4),NO,2024,2024,1
Dennis Erickson,SF,2003,2003,1
Dennis Green,ARI,2004,2006,3
Dick Jauron,BUF,2006,2009,4
Dick Jauron,CHI,2001,2003,3
Dick Jauron,DET,2005,2005,1
Dick LeBeau,CIN,2001,2002,2
Dick Vermeil,KC,2001,2005,5
Dirk Koetter,ATL,2012,2014,3
Dirk Koetter,ATL,2019,2020,2
Dirk Koetter,JAX,2007,2007,1
Dirk Koetter,JAX,2009,2011,3
Dirk Koetter,TB,2015,2018,4
Dom Capers,HOU,2002,2005,4
Don Breaux,WAS,2004,2006,3
Doug Marrone,BUF,2013,2014,2
Doug Marrone,JAX,2016,2020,5
Doug Marrone,NO,2006,2008,3
Doug Nussmeier,NO,2025,2025,1
Doug Pederson,JAX,2022,2024,3
Doug Pederson,KC,2013,2015,3
Doug Pederson,PHI,2016,2020,5
Dowell Loggains,CHI,2016,2017,2
Dowell Loggains,MIA,2018,2018,1
Dowell Loggains,NYJ,2019,2020,2
Dowell Loggains,TEN,2012,2013,2
Drew Petzing,ARI,2023,2025,3
Eddie Faulkner,PIT,2023,2023,1
Edgar Bennett,GB,2015,2017,3
Emmitt Thomas,ATL,2007,2007,1
Eric Bieniemy,KC,2018,2022,5
Eric Bieniemy,WAS,2023,2023,1
Eric Mangini,CLE,2009,2010,2
Eric Mangini,NYJ,2006,2008,3
Eric Studesville,MIA,2021,2021,1
Frank Reich,IND,2018,2021,4
Frank Reich,LAC,2014,2015,2
Frank Reich,PHI,2016,2017,2
Frank Reich; fired on November 27,CAR,2023,2023,1
Frank Smith,MIA,2022,2025,4
Freddie Kitchens,CLE,2018,2019,2
Freddie Kitchens,NYG,2021,2021,1
Gary Kubiak,BAL,2014,2014,1
Gary Kubiak,DEN,2001,2005,5
Gary Kubiak,DEN,2015,2016,2
Gary Kubiak,HOU,2006,2013,8
Gary Kubiak,MIN,2020,2020,1
Geep Chryst,SF,2015,2015,1
George Godsey,HOU,2015,2016,2
George Godsey,MIA,2021,2021,1
George Sefcik,ATL,2001,2001,1
George Seifert,CAR,2001,2001,1
Giff Smith,LAC,2023,2023,1
Gil Haskell,SEA,2001,2002,2
Gil Haskell,SEA,2005,2007,3
Grant Udinski,JAX,2025,2025,1
Grant Udinski,MIN,2024,2024,1
Greg Knapp,ATL,2004,2006,3
Greg Knapp,LV,2007,2008,2
Greg Knapp,LV,2012,2012,1
Greg Knapp,SEA,2009,2009,1
Greg Knapp,SF,2001,2003,3
Greg Olson,JAX,2015,2016,2
Greg Olson,LA,2006,2007,2
Greg Olson,LV,2013,2014,2
Greg Olson,LV,2018,2021,4
Greg Olson,LV,2025,2025,1
Greg Olson,TB,2009,2011,3
Greg Roman,BAL,2018,2022,5
Greg Roman,BUF,2015,2015,1
Greg Roman,LAC,2024,2025,2
Greg Roman,SF,2011,2014,4
Greg Schiano,TB,2012,2013,2
Gregg Williams,BUF,2001,2002,2
Gus Bradley,JAX,2013,2016,4
Hal Hunter,LAC,2012,2012,1
Harold Goodwin,ARI,2013,2017,5
Herm Edwards,KC,2006,2006,1
Herman Edwards,KC,2008,2008,1
Herman Edwards,NYJ,2001,2005,5
Hue Jackson,ATL,2007,2007,1
Hue Jackson,CIN,2014,2015,2
Hue Jackson,CLE,2016,2018,3
Hue Jackson,LV,2010,2011,2
Jack Del Rio,JAX,2003,2007,5
Jack Del Rio,JAX,2009,2011,3
Jack Del Rio,LV,2015,2017,3
Jason Garrett,DAL,2009,2019,11
Jason Garrett,NYG,2020,2020,1
Jason Garrett (fired after week 11),NYG,2021,2021,1
Jason Michael,TEN,2014,2015,2
Jay Gruden,CIN,2011,2013,3
Jay Gruden,JAX,2020,2020,1
Jay Gruden,WAS,2014,2019,6
Jedd Fisch,JAX,2013,2014,2
Jedd Fisch,LA,2019,2019,1
Jeff Davidson,CAR,2007,2010,4
Jeff Davidson,CLE,2006,2006,1
Jeff Fisher,LA,2012,2012,1
Jeff Fisher (Fired Week 14),LA,2016,2016,1
Jeff Jagodzinski,GB,2006,2006,1
Jeff Nixon,CAR,2021,2021,1
Jeff Saturday,IND,2022,2022,1
Jeff Tedford,TB,2014,2014,1
Jeff Ulbrich,NYJ,2024,2024,1
Jeremy Bates,NYJ,2018,2018,1
Jeremy Bates,SEA,2010,2010,1
Jerod Mayo,NE,2024,2024,1
Jerry Rosburg,DEN,2022,2022,1
Jerry Sullivan,ARI,2003,2003,1
Jim Bob Cooter,DET,2015,2018,4
Jim Bob Cooter,IND,2011,2011,1
Jim Bob Cooter,IND,2023,2025,3
Jim Caldwell,BAL,2012,2013,2
Jim Caldwell,DET,2014,2017,4
Jim Caldwell,IND,2009,2011,3
Jim Colletto,DET,2008,2008,1
Jim E. Mora,IND,2001,2001,1
Jim Fassel,BAL,2005,2006,2
Jim Fassel,NYG,2001,2002,2
Jim Harbaugh,LAC,2024,2025,2
Jim Harbaugh,SF,2011,2014,4
Jim Haslett,NO,2001,2005,5
Jim Hostler,SF,2007,2007,1
Jim Mora,SEA,2009,2009,1
Jim Mora Jr.,ATL,2006,2006,1
Jim Schwartz,DET,2009,2013,5
Jim Tomsula,SF,2010,2010,1
Jim Tomsula,SF,2015,2015,1
Jimmy Raye,LV,2004,2005,2
Jimmy Raye,SF,2009,2010,2
Jimmy Raye II,WAS,2001,2001,1
Joe Brady,BUF,2023,2025,3
Joe Brady,CAR,2020,2020,1
Joe Brady (fired mid season),CAR,2021,2021,1
Joe Gibbs,WAS,2004,2006,3
Joe Judge,NYG,2020,2021,2
Joe Lombardi,DEN,2023,2025,3
Joe Lombardi,DET,2014,2014,1
Joe Lombardi,LAC,2021,2022,2
"Joe Lombardi (fired Oct 26, 2015)",DET,2015,2015,1
Joe Pendry,HOU,2005,2005,1
Joe Philbin,GB,2008,2011,4
Joe Philbin,GB,2018,2018,1
Joe Philbin,MIA,2012,2014,3
Joe Philbin {{small|(fired on October 5)}},MIA,2015,2015,1
Joe Vitt,NO,2012,2012,1
John DeFilippo,CLE,2015,2015,1
John DeFilippo,JAX,2019,2019,1
John Fassel,LA,2016,2016,1
John Fox,CAR,2002,2010,9
John Fox,CHI,2015,2017,3
John Fox,DEN,2011,2014,4
John Harbaugh,BAL,2008,2025,18
John Hufnagel,NYG,2006,2006,1
John Morton,DET,2025,2025,1
John Morton,NYJ,2017,2017,1
John Shoop,CHI,2001,2003,3
Jon Gruden,LV,2001,2001,1
Jon Gruden,LV,2018,2020,3
Jon Gruden,TB,2002,2008,7
Jonathan Gannon,ARI,2023,2025,3
Jordan Traylor,MIN,2025,2025,1
Josh Grizzard,TB,2025,2025,1
Josh McDaniels,DEN,2009,2009,1
Josh McDaniels,LA,2011,2011,1
Josh McDaniels,LV,2022,2022,1
Josh McDaniels,NE,2006,2008,3
Josh McDaniels,NE,2012,2021,10
Josh McDaniels,NE,2025,2025,1
Josh McDaniels {{small|(fired December 6)}},DEN,2010,2010,1
Josh McDaniels; fired on October 31,LV,2023,2023,1
Justin Outten,DEN,2022,2022,1
Keith Rowen,ARI,2005,2006,2
Kellen Moore,DAL,2019,2022,4
Kellen Moore,LAC,2023,2023,1
Kellen Moore,NO,2025,2025,1
Kellen Moore,PHI,2024,2024,1
Ken Dorsey,BUF,2022,2022,1
Ken Dorsey,CLE,2024,2024,1
Ken Dorsey; fired after Week 10,BUF,2023,2023,1
Ken Whisenhunt,ARI,2007,2007,1
Ken Whisenhunt,ARI,2009,2012,4
Ken Whisenhunt,LAC,2013,2013,1
Ken Whisenhunt,LAC,2016,2018,3
Ken Whisenhunt,PIT,2004,2006,3
Ken Whisenhunt,TEN,2014,2014,1
"Ken Whisenhunt (fired November 3, 2015)",TEN,2015,2015,1
Ken Zampese,CIN,2016,2016,1
"Ken Zampese (fired Sept 15, 2017)",CIN,2017,2017,1
Kevin Gilbride,BUF,2002,2002,1
Kevin Gilbride,NYG,2007,2013,7
Kevin O'Connell,LA,2020,2021,2
Kevin O'Connell,MIN,2022,2025,4
Kevin O'Connell,WAS,2019,2019,1
Kevin Patullo,PHI,2025,2025,1
Kevin Stefanski,CLE,2020,2025,6
Kevin Stefanski,MIN,2018,2019,2
Kim Helton,WAS,2002,2002,1
Klay Kubiak,SF,2025,2025,1
Klayton Adams,DAL,2025,2025,1
Kliff Kingsbury,ARI,2019,2022,4
Kliff Kingsbury,WAS,2024,2025,2
Klint Kubiak,MIN,2021,2021,1
Klint Kubiak,NO,2024,2024,1
Klint Kubiak,SEA,2025,2025,1
Kyle Shanahan,ATL,2015,2016,2
Kyle Shanahan,CLE,2014,2014,1
Kyle Shanahan,HOU,2008,2009,2
Kyle Shanahan,SF,2017,2025,9
Kyle Shanahan,WAS,2010,2013,4
Lane Kiffin,LV,2007,2008,2
Leslie Frazier,MIN,2010,2013,4
Liam Coen,JAX,2025,2025,1
Liam Coen,LA,2022,2022,1
Liam Coen,TB,2024,2024,1
Lovie Smith,CHI,2004,2012,9
Lovie Smith,HOU,2022,2022,1
Lovie Smith,TB,2014,2015,2
Luke Getsy,CHI,2022,2023,2
Luke Getsy (fired on November 5),LV,2024,2024,1
Marc Trestman,BAL,2015,2016,2
Marc Trestman,CHI,2013,2014,2
Marc Trestman,LV,2002,2003,2
Marcus Brady,IND,2021,2021,1
Mark Helfrich,CHI,2018,2019,2
Marty Mornhinweg,BAL,2017,2018,2
Marty Mornhinweg,DET,2001,2002,2
Marty Mornhinweg,NYJ,2013,2014,2
Marty Mornhinweg,PHI,2005,2012,8
Marty Schottenheimer,LAC,2002,2006,5
Marvin Lewis,CIN,2003,2017,15
Matt Canada,PIT,2021,2022,2
Matt Canada; fired after Week 11,PIT,2023,2023,1
Matt Cavanaugh,BAL,2001,2004,4
Matt Cavanaugh,WAS,2017,2018,2
Matt Eberflus,CHI,2022,2023,2
Matt Eberflus (fired on November 29),CHI,2024,2024,1
Matt LaFleur,GB,2019,2025,7
Matt LaFleur,LA,2017,2017,1
Matt LaFleur,TEN,2018,2018,1
Matt Nagy,CHI,2018,2021,4
Matt Nagy,KC,2016,2017,2
Matt Nagy,KC,2023,2025,3
Matt Patricia,DET,2018,2019,2
Matt Rhule,CAR,2020,2021,2
Maurice Carthon,CLE,2005,2005,1
Maurice Carthon,DET,2001,2002,2
Maurice Carthon (Resigned after week 7),CLE,2006,2006,1
Mick Lombardi,LV,2022,2022,1
Mick Lombardi; fired on October 31,LV,2023,2023,1
Mike Groh,PHI,2018,2019,2
Mike Heimerdinger,NYJ,2005,2005,1
Mike Heimerdinger,TEN,2001,2004,4
Mike Heimerdinger,TEN,2009,2010,2
Mike Holmgren,SEA,2002,2002,1
Mike Holmgren,SEA,2005,2007,3
Mike Johnson,SF,2010,2010,1
Mike Kafka,NYG,2022,2025,4
Mike Kruczek,ARI,2006,2006,1
Mike LaFleur,LA,2023,2025,3
Mike LaFleur,NYJ,2021,2022,2
Mike Macdonald,SEA,2024,2025,2
Mike Martz,CHI,2010,2011,2
Mike Martz,DET,2006,2007,2
Mike Martz,LA,2001,2001,1
Mike Martz,SF,2008,2008,1
Mike McCarthy,DAL,2020,2024,5
Mike McCarthy,GB,2006,2006,1
Mike McCarthy,GB,2008,2017,10
Mike McCarthy,NO,2001,2004,4
Mike McCarthy,SF,2005,2005,1
Mike McCoy,DEN,2009,2012,4
Mike McCoy,LAC,2013,2016,4
Mike McCoy,TEN,2025,2025,1
"Mike McCoy (fired November 20, 2017)",DEN,2017,2017,1
"Mike McCoy (fired Oct 19, 2018)",ARI,2018,2018,1
Mike McDaniel,MIA,2022,2025,4
Mike McDaniel,SF,2021,2021,1
Mike Miller,ARI,2011,2012,2
Mike Mularkey,ATL,2008,2011,4
Mike Mularkey,BUF,2005,2005,1
Mike Mularkey,JAX,2012,2012,1
Mike Mularkey,MIA,2006,2006,1
Mike Mularkey,PIT,2001,2003,3
Mike Mularkey,TEN,2015,2017,3
Mike Munchak,TEN,2011,2013,3
Mike Nolan,SF,2005,2008,4
Mike Pettine,CLE,2014,2014,1
Mike Riley,LAC,2001,2001,1
Mike Shanahan,WAS,2010,2013,4
Mike Sheppard,BUF,2001,2001,1
Mike Sheppard,NO,2005,2005,1
Mike Sherman,GB,2001,2001,1
Mike Sherman,HOU,2007,2007,1
Mike Sherman,MIA,2012,2013,2
Mike Shula,CAR,2013,2017,5
Mike Shula,NYG,2018,2019,2
Mike Singletary,SF,2009,2010,2
Mike Smith,ATL,2008,2014,7
Mike Solari,KC,2006,2006,1
Mike Sullivan,NYG,2016,2017,2
Mike Sullivan,TB,2012,2013,2
Mike Tice,CHI,2012,2012,1
Mike Tice,MIN,2002,2005,4
Mike Tomlin,PIT,2007,2025,19
Mike Vrabel,NE,2025,2025,1
Mike Vrabel,TEN,2018,2023,6
Mike Zimmer,MIN,2014,2021,8
Nathaniel Hackett,BUF,2013,2014,2
Nathaniel Hackett,GB,2019,2021,3
Nathaniel Hackett,JAX,2016,2018,3
Nathaniel Hackett,NYJ,2023,2024,2
Nick Caley,HOU,2025,2025,1
Nick Holz,TEN,2024,2025,2
Nick Saban,MIA,2005,2006,2
Nick Sirianni,IND,2018,2020,3
Nick Sirianni,PHI,2021,2025,5
Norm Chow,TEN,2005,2007,3
Norv Turner,CAR,2018,2019,2
Norv Turner,CLE,2013,2013,1
Norv Turner,LAC,2001,2001,1
Norv Turner,LAC,2007,2012,6
Norv Turner,LV,2004,2005,2
Norv Turner,MIA,2002,2003,2
Norv Turner,MIN,2014,2016,3
Norv Turner,SF,2006,2006,1
Parks Frazier,IND,2022,2022,1
Pat Shurmur,CLE,2011,2012,2
Pat Shurmur,DEN,2020,2021,2
Pat Shurmur,LA,2009,2010,2
Pat Shurmur,MIN,2016,2017,2
Pat Shurmur,NYG,2018,2019,2
Pat Shurmur,PHI,2013,2015,3
Paul Hackett,NYJ,2001,2004,4
Pep Hamilton,HOU,2022,2022,1
Pep Hamilton,IND,2013,2014,2
Pete Carmichael,NO,2015,2023,9
Pete Carmichael Jr.,NO,2010,2010,1
"Pete Carmichael, Jr.",NO,2009,2009,1
"Pete Carmichael, Jr.",NO,2011,2014,4
Pete Carroll,LV,2025,2025,1
Pete Mangurian,ATL,2003,2003,1
Press Taylor,JAX,2022,2024,3
Raheem Morris,ATL,2020,2020,1
Raheem Morris,ATL,2024,2025,2
Raheem Morris,TB,2009,2011,3
Randy Fichtner,PIT,2018,2020,3
Rex Ryan,BUF,2015,2015,1
Rex Ryan,NYJ,2009,2014,6
Rich Bisaccia,LV,2021,2021,1
Rich Olson,ARI,2001,2002,2
Rich Scangarello,DEN,2019,2019,1
Richard Williamson,CAR,2001,2001,1
Rick Dennison,BUF,2017,2017,1
Rick Dennison,DEN,2006,2008,3
Rick Dennison,DEN,2015,2016,2
Rick Dennison,HOU,2010,2013,4
Rick Neuheisel,BAL,2007,2007,1
Rob Boras,LA,2015,2016,2
Rob Chudzinski,CAR,2011,2012,2
Rob Chudzinski,CLE,2004,2004,1
Rob Chudzinski,CLE,2007,2008,2
Rob Chudzinski,CLE,2013,2013,1
Rob Chudzinski,IND,2015,2017,3
Robert Saleh,NYJ,2021,2023,3
Robert Saleh (fired on October 8),NYJ,2024,2024,1
Rod Dowhower,PHI,2001,2001,1
Rod Marinelli,DET,2006,2008,3
Romeo Crennel,CLE,2005,2008,4
Romeo Crennel,HOU,2020,2020,1
Romeo Crennel,KC,2011,2011,1
Ron Rivera,CAR,2011,2019,9
Ron Rivera,WAS,2020,2023,4
Ron Turner,CHI,2005,2009,5
Ryan Grubb,SEA,2024,2024,1
Scott Linehan,DAL,2015,2018,4
Scott Linehan,DET,2009,2013,5
Scott Linehan,MIA,2005,2005,1
Scott Linehan,MIN,2002,2004,3
Scott Milanovich,JAX,2018,2018,1
Scott Turner,CAR,2019,2019,1
Scott Turner,LV,2024,2024,1
Scott Turner,WAS,2020,2022,3
Sean McDermott,BUF,2017,2025,9
Sean McVay,LA,2017,2025,9
Sean McVay,WAS,2014,2016,3
Sean Payton,DEN,2023,2025,3
Sean Payton,NO,2006,2011,6
Sean Payton,NO,2013,2021,9
Sean Payton,NYG,2001,2002,2
Shane Steichen,IND,2023,2025,3
Shane Steichen,LAC,2019,2020,2
Shane Steichen,PHI,2021,2022,2
Shane Waldron,SEA,2021,2023,3
Shane Waldron (fired on November 10),CHI,2024,2024,1
Sherman Lewis,DET,2003,2004,2
Sherman Lewis,MIN,2001,2001,1
Sherman Smith,WAS,2008,2009,2
Steve Fairchild,BUF,2006,2007,2
Steve Loney,MIN,2005,2005,1
Steve Mariucci,DET,2003,2005,3
Steve Mariucci,SF,2001,2002,2
Steve Sarkisian,ATL,2017,2018,2
Steve Spagnuolo,LA,2009,2011,3
Steve Spagnuolo,NYG,2017,2017,1
Steve Spurrier,WAS,2002,2002,1
Steve Wilks,ARI,2018,2018,1
Steve Wilks,CAR,2022,2022,1
Tanner Engstrand,NYJ,2025,2025,1
Ted Tollner,DET,2005,2005,1
Terry Robiskie,CLE,2004,2004,1
Terry Robiskie,TEN,2016,2017,2
Terry Shea,CHI,2004,2004,1
Thomas Brown,CAR,2023,2023,1
Thomas Brown,CHI,2024,2024,1
Tim Kelly,HOU,2019,2021,3
Tim Kelly,NYG,2025,2025,1
Tim Kelly,TEN,2023,2023,1
Todd Bowles,MIA,2011,2011,1
Todd Bowles,NYJ,2015,2018,4
Todd Bowles,TB,2022,2025,4
Todd Downing,LV,2017,2017,1
Todd Downing,TEN,2021,2022,2
Todd Haley,ARI,2007,2008,2
Todd Haley,CLE,2018,2018,1
Todd Haley,KC,2009,2010,2
Todd Haley,PIT,2012,2017,6
"Todd Haley (fired Dec 12, 2011)",KC,2011,2011,1
Todd Monken,BAL,2023,2025,3
Todd Monken,CLE,2019,2019,1
Todd Monken,TB,2016,2018,3
Tom Cable,LV,2009,2010,2
Tom Clements,BUF,2005,2005,1
Tom Clements,GB,2012,2014,3
Tom Coughlin,JAX,2001,2002,2
Tom Coughlin,NYG,2006,2015,10
Tom Moore,IND,2001,2002,2
Tom Moore,IND,2006,2009,4
Tom Rossley,GB,2001,2005,5
Tommy Rees,CLE,2025,2025,1
Tony Dungy,IND,2002,2002,1
Tony Dungy,IND,2006,2008,3
Tony Dungy,TB,2001,2001,1
Tony Sparano,LV,2014,2014,1
Tony Sparano,MIA,2008,2010,3
Tony Sparano,NYJ,2012,2012,1
Troy Calhoun,HOU,2006,2006,1
Turk Schonert,BUF,2008,2008,1
Urban Meyer (fired mid season),JAX,2021,2021,1
Vance Joseph,DEN,2017,2018,2
Vic Fangio,DEN,2019,2021,3
Wade Phillips,ATL,2003,2003,1
Wes Phillips,MIN,2022,2025,4
Zac Robinson,ATL,2024,2025,2
Zac Taylor,CIN,2019,2025,7
Zac Taylor,MIA,2015,2015,1
