coach_name,total_seasons,top5_seasons,top10_seasons,avg_rank,top5_rate,top10_rate,n_distinct_players,n_superstar_players,superstar_rate
Eric Bieniemy,6,5,5,5.666666666666667,0.8333333333333334,0.8333333333333334,53,4,0.0754716981132075
Al Saunders,6,4,5,4.666666666666667,0.6666666666666666,0.8333333333333334,43,4,0.0930232558139534
Tom Moore,6,4,5,4.333333333333333,0.6666666666666666,0.8333333333333334,50,6,0.12
Pete Carmichael,14,7,11,8.0,0.5,0.7857142857142857,98,8,0.0816326530612244
Matt LaFleur,9,4,7,7.666666666666667,0.4444444444444444,0.7777777777777778,86,7,0.0813953488372093
Josh McDaniels,17,9,12,9.0,0.5294117647058824,0.7058823529411765,158,13,0.0822784810126582
Sean Payton,20,9,14,8.85,0.45,0.7,150,11,0.0733333333333333
Bill Belichick,23,11,16,8.91304347826087,0.4782608695652174,0.6956521739130435,161,10,0.062111801242236
Sean McDermott,9,6,6,10.22222222222222,0.6666666666666666,0.6666666666666666,76,4,0.0526315789473684
Anthony Lynn,6,2,4,10.666666666666666,0.3333333333333333,0.6666666666666666,73,6,0.0821917808219178
Bill Cowher,6,1,4,10.833333333333334,0.1666666666666666,0.6666666666666666,35,2,0.0571428571428571
Dan Campbell,6,1,4,11.666666666666666,0.1666666666666666,0.6666666666666666,59,4,0.0677966101694915
Andy Reid,25,7,16,9.6,0.28,0.64,151,12,0.0794701986754966
Kevin Gilbride,8,0,5,13.125,0.0,0.625,59,4,0.0677966101694915
Kellen Moore,7,1,4,14.571428571428571,0.1428571428571428,0.5714285714285714,93,7,0.075268817204301
Mike Smith,7,0,4,10.714285714285714,0.0,0.5714285714285714,38,4,0.1052631578947368
Mike McCarthy,21,5,11,12.428571428571429,0.238095238095238,0.5238095238095238,154,11,0.0714285714285714
Bill Callahan,6,2,3,13.666666666666666,0.3333333333333333,0.5,61,4,0.0655737704918032
Dan Quinn,8,2,4,10.375,0.25,0.5,68,6,0.088235294117647
Jason Garrett,12,3,6,12.083333333333334,0.25,0.5,81,5,0.0617283950617283
Joe Philbin,8,2,4,10.875,0.25,0.5,68,5,0.0735294117647058
Sean McVay,12,3,6,12.916666666666666,0.25,0.5,86,6,0.0697674418604651
Nick Sirianni,8,1,4,10.25,0.125,0.5,73,5,0.0684931506849315
Ken Whisenhunt,13,3,6,15.692307692307692,0.2307692307692307,0.4615384615384615,120,3,0.025
Mike Vrabel,7,2,3,12.571428571428571,0.2857142857142857,0.4285714285714285,73,4,0.0547945205479452
Shane Steichen,7,1,3,12.285714285714286,0.1428571428571428,0.4285714285714285,73,6,0.0821917808219178
Mike Heimerdinger,7,0,3,14.0,0.0,0.4285714285714285,59,3,0.0508474576271186
Mike Tomlin,19,4,8,13.473684210526317,0.2105263157894736,0.4210526315789473,127,7,0.0551181102362204
Tom Coughlin,12,0,5,16.5,0.0,0.4166666666666667,88,6,0.0681818181818181
Gary Kubiak,17,3,7,13.058823529411764,0.1764705882352941,0.4117647058823529,136,8,0.0588235294117647
Doug Marrone,10,2,4,18.2,0.2,0.4,112,4,0.0357142857142857
Nathaniel Hackett,10,2,4,17.7,0.2,0.4,109,6,0.055045871559633
Marvin Lewis,15,1,6,14.666666666666666,0.0666666666666666,0.4,85,4,0.0470588235294117
Kyle Shanahan,18,5,7,12.61111111111111,0.2777777777777778,0.3888888888888889,144,12,0.0833333333333333
Ron Rivera,13,1,5,16.846153846153847,0.0769230769230769,0.3846153846153846,97,3,0.0309278350515463
Mike Zimmer,8,0,3,16.125,0.0,0.375,49,6,0.1224489795918367
Todd Haley,11,3,4,12.636363636363637,0.2727272727272727,0.3636363636363636,114,6,0.0526315789473684
Cam Cameron,11,2,4,11.363636363636363,0.1818181818181818,0.3636363636363636,72,4,0.0555555555555555
Bob Bratkowski,11,1,4,17.454545454545453,0.0909090909090909,0.3636363636363636,77,2,0.0259740259740259
Doug Pederson,11,0,4,15.0,0.0,0.3636363636363636,104,7,0.0673076923076923
Marty Mornhinweg,14,1,5,17.785714285714285,0.0714285714285714,0.3571428571428571,132,5,0.0378787878787878
Bruce Arians,17,3,6,14.823529411764708,0.1764705882352941,0.3529411764705882,141,7,0.0496453900709219
Marc Trestman,6,2,2,18.33333333333333,0.3333333333333333,0.3333333333333333,67,6,0.0895522388059701
Jim Caldwell,9,2,3,15.555555555555555,0.2222222222222222,0.3333333333333333,76,7,0.0921052631578947
Norv Turner,18,4,6,15.055555555555555,0.2222222222222222,0.3333333333333333,159,11,0.0691823899371069
Darrell Bevell,15,3,5,16.2,0.2,0.3333333333333333,138,5,0.036231884057971
Kliff Kingsbury,6,1,2,13.833333333333334,0.1666666666666666,0.3333333333333333,67,4,0.0597014925373134
John Harbaugh,18,2,6,13.944444444444445,0.1111111111111111,0.3333333333333333,126,6,0.0476190476190476
Herman Edwards,6,0,2,16.166666666666668,0.0,0.3333333333333333,45,2,0.0444444444444444
Scott Linehan,13,4,4,14.384615384615383,0.3076923076923077,0.3076923076923077,113,10,0.0884955752212389
Mike Mularkey,13,1,4,17.0,0.0769230769230769,0.3076923076923077,118,6,0.0508474576271186
Greg Knapp,10,2,3,17.1,0.2,0.3,89,1,0.0112359550561797
Arthur Smith,7,1,2,17.0,0.1428571428571428,0.2857142857142857,78,3,0.0384615384615384
Todd Monken,7,1,2,12.142857142857142,0.1428571428571428,0.2857142857142857,71,6,0.0845070422535211
Mike Shula,7,0,2,15.714285714285714,0.0,0.2857142857142857,57,5,0.087719298245614
Brian Daboll,11,2,3,20.818181818181817,0.1818181818181818,0.2727272727272727,123,5,0.040650406504065
Jack Del Rio,11,1,3,14.909090909090908,0.0909090909090909,0.2727272727272727,77,2,0.0259740259740259
Brad Childress,11,0,3,18.272727272727277,0.0,0.2727272727272727,101,6,0.0594059405940594
Brian Schottenheimer,15,2,4,16.533333333333335,0.1333333333333333,0.2666666666666666,125,4,0.032
Greg Roman,12,2,3,13.0,0.1666666666666666,0.25,123,4,0.032520325203252
Adam Gase,8,1,2,20.5,0.125,0.25,91,6,0.0659340659340659
John Fox,16,2,4,17.625,0.125,0.25,126,10,0.0793650793650793
Zac Taylor,8,1,2,16.375,0.125,0.25,64,5,0.078125
Frank Reich,8,0,2,13.375,0.0,0.25,82,7,0.0853658536585365
Jim Bob Cooter,8,0,2,18.25,0.0,0.25,79,2,0.0253164556962025
Kevin Stefanski,8,0,2,20.75,0.0,0.25,82,5,0.0609756097560975
Mike McCoy,9,2,2,15.88888888888889,0.2222222222222222,0.2222222222222222,84,6,0.0714285714285714
Bill O'Brien,9,1,2,18.22222222222222,0.1111111111111111,0.2222222222222222,94,7,0.0744680851063829
Matt Nagy,9,1,2,15.88888888888889,0.1111111111111111,0.2222222222222222,96,4,0.0416666666666666
Rob Chudzinski,9,1,2,19.88888888888889,0.1111111111111111,0.2222222222222222,104,6,0.0576923076923076
Todd Bowles,9,1,2,18.444444444444443,0.1111111111111111,0.2222222222222222,95,3,0.031578947368421
Rick Dennison,10,2,2,16.3,0.2,0.2,97,4,0.0412371134020618
Brian Callahan,6,1,1,19.166666666666668,0.1666666666666666,0.1666666666666666,53,3,0.0566037735849056
Jim Harbaugh,6,1,1,14.666666666666666,0.1666666666666666,0.1666666666666666,61,1,0.0163934426229508
Joe Lombardi,6,1,1,14.166666666666666,0.1666666666666666,0.1666666666666666,66,2,0.0303030303030303
Mike Martz,6,1,1,21.666666666666668,0.1666666666666666,0.1666666666666666,69,4,0.0579710144927536
Alex Van Pelt,6,0,1,20.166666666666668,0.0,0.1666666666666666,72,2,0.0277777777777777
Chuck Pagano,6,0,1,16.666666666666668,0.0,0.1666666666666666,54,1,0.0185185185185185
Raheem Morris,6,0,1,19.0,0.0,0.1666666666666666,62,4,0.064516129032258
Dirk Koetter,13,1,2,14.23076923076923,0.0769230769230769,0.1538461538461538,109,8,0.073394495412844
Pat Shurmur,13,1,2,20.846153846153847,0.0769230769230769,0.1538461538461538,147,9,0.0612244897959183
Greg Olson,14,0,2,21.928571428571427,0.0,0.1428571428571428,161,6,0.0372670807453416
Kevin O'Connell,7,0,1,19.571428571428573,0.0,0.1428571428571428,69,3,0.0434782608695652
Chan Gailey,8,0,1,19.375,0.0,0.125,100,4,0.04
Dan Henning,8,0,1,17.5,0.0,0.125,59,2,0.0338983050847457
Hue Jackson,8,0,1,20.125,0.0,0.125,99,2,0.0202020202020202
Jay Gruden,10,1,1,19.0,0.1,0.1,96,3,0.03125
Jon Gruden,11,1,1,17.727272727272727,0.0909090909090909,0.0909090909090909,102,4,0.0392156862745098
Bill Muir,8,0,0,21.25,0.0,0.0,70,2,0.0285714285714285
Bill Musgrave,8,0,0,17.875,0.0,0.0,81,3,0.037037037037037
Brian Billick,7,0,0,23.285714285714285,0.0,0.0,49,2,0.0408163265306122
Dick Jauron,8,0,0,24.875,0.0,0.0,75,0,0.0
Dowell Loggains,7,0,0,26.285714285714285,0.0,0.0,97,1,0.0103092783505154
Lovie Smith,12,0,0,25.83333333333333,0.0,0.0,96,3,0.03125
Matt Cavanaugh,6,0,0,23.666666666666668,0.0,0.0,64,2,0.03125
Rex Ryan,7,0,0,22.714285714285715,0.0,0.0,73,0,0.0
Romeo Crennel,6,0,0,23.666666666666668,0.0,0.0,67,4,0.0597014925373134
