coach,qb_id,qb_name,tenure_first,tenure_last,n_roster_seasons,n_before,avg_resid_before,n_during_as_starter,avg_resid_during,n_after,avg_resid_after,after_minus_before
Bill Musgrave,00-0002110,Mark Brunell,2003,2003,1,3,-0.2878125746770144,0,,3,-0.0143518917831061,0.2734606828939082
Jack Del Rio,00-0002110,Mark Brunell,2003,2003,1,3,-0.2878125746770144,0,,3,-0.0143518917831061,0.2734606828939082
Jimmy Raye,00-0003292,Kerry Collins,2004,2005,2,4,-0.1047858827284784,2,-0.0369674568263277,1,0.0516862170087976,0.156472099737276
Norm Chow,00-0003292,Kerry Collins,2006,2007,2,6,-0.0821797407610948,0,,1,0.0516862170087976,0.1338659577698924
Norv Turner,00-0003292,Kerry Collins,2004,2005,2,4,-0.1047858827284784,2,-0.0369674568263277,1,0.0516862170087976,0.156472099737276
Brian Schottenheimer,00-0005106,Brett Favre,2008,2008,1,8,0.1178540474718724,1,0.0223214285714286,2,-0.1588541666666666,-0.2767082141385391
Eric Mangini,00-0005106,Brett Favre,2008,2008,1,8,0.1178540474718724,1,0.0223214285714286,2,-0.1588541666666666,-0.2767082141385391
Jeff Jagodzinski,00-0005106,Brett Favre,2006,2006,1,6,0.1824900251726627,1,-0.314607771260997,4,-0.0332217261904762,-0.2157117513631389
Mike McCarthy,00-0005106,Brett Favre,2006,2006,1,6,0.1824900251726627,1,-0.314607771260997,4,-0.0332217261904762,-0.2157117513631389
Dennis Erickson,00-0005755,Jeff Garcia,2003,2003,1,3,0.4295425008598193,1,0.1738535146846412,3,-0.1386350628323495,-0.5681775636921689
Dick Jauron,00-0005755,Jeff Garcia,2005,2005,1,5,0.2135113837184745,0,,2,-0.010490544912661,-0.2240019286311355
Rob Chudzinski,00-0005755,Jeff Garcia,2004,2004,1,4,0.3656202543160248,1,-0.3949240986717267,2,-0.010490544912661,-0.3761107992286858
Ted Tollner,00-0005755,Jeff Garcia,2005,2005,1,5,0.2135113837184745,0,,2,-0.010490544912661,-0.2240019286311355
Terry Robiskie,00-0005755,Jeff Garcia,2004,2004,1,4,0.3656202543160248,1,-0.3949240986717267,2,-0.010490544912661,-0.3761107992286858
Dave Wannstedt,00-0006423,Brian Griese,2003,2003,1,3,0.2177288119646792,0,,1,-0.2880040322580645,-0.5057328442227437
Norv Turner,00-0006423,Brian Griese,2003,2003,1,3,0.2177288119646792,0,,1,-0.2880040322580645,-0.5057328442227437
Chris Palmer,00-0007091,Matt Hasselbeck,2011,2011,1,9,0.0607081385625771,1,-0.144107404692082,1,-0.5875,-0.6482081385625771
"Chris Palmer (fired Nov 26, 2012)",00-0007091,Matt Hasselbeck,2012,2012,1,10,0.0402265842371111,0,,1,-0.5875,-0.6277265842371113
Dowell Loggains,00-0007091,Matt Hasselbeck,2012,2012,1,10,0.0402265842371111,0,,1,-0.5875,-0.6277265842371113
Greg Knapp,00-0007091,Matt Hasselbeck,2009,2009,1,7,0.1770118896515384,1,-0.3045754928315412,3,-0.3732472974527054,-0.5502591871042438
Jeremy Bates,00-0007091,Matt Hasselbeck,2010,2010,1,8,0.1168134668411535,1,-0.3881344876660341,2,-0.365803702346041,-0.4826171691871945
Jim Mora,00-0007091,Matt Hasselbeck,2009,2009,1,7,0.1770118896515384,1,-0.3045754928315412,3,-0.3732472974527054,-0.5502591871042438
Mike Munchak,00-0007091,Matt Hasselbeck,2011,2012,2,9,0.0607081385625771,1,-0.144107404692082,1,-0.5875,-0.6482081385625771
Pep Hamilton,00-0007091,Matt Hasselbeck,2013,2014,2,10,0.0402265842371111,0,,1,-0.5875,-0.6277265842371113
Bill Muir,00-0008442,Brad Johnson,2002,2004,3,2,0.0550336486357261,2,-0.0807299902487876,2,-0.282506037605658,-0.3375396862413842
Jon Gruden,00-0008442,Brad Johnson,2002,2004,3,2,0.0550336486357261,2,-0.0807299902487876,2,-0.282506037605658,-0.3375396862413842
Mike Tice,00-0008442,Brad Johnson,2005,2005,1,4,-0.0128481708065307,1,-0.1358137829912024,1,-0.4291982922201138,-0.416350121413583
Steve Loney,00-0008442,Brad Johnson,2005,2005,1,4,-0.0128481708065307,1,-0.1358137829912024,1,-0.4291982922201138,-0.416350121413583
Jim Colletto,00-0009311,Jon Kitna,2008,2008,1,6,-0.1449553133547033,0,,1,0.0829362170087976,0.2278915303635009
Marvin Lewis,00-0009311,Jon Kitna,2003,2005,3,3,-0.2005143114058334,1,0.2744959677419355,3,-0.1532495655479526,0.0472647458578807
Mike Martz,00-0009311,Jon Kitna,2006,2007,2,4,-0.0817617416188911,2,-0.2713424568263277,1,0.0829362170087976,0.1646979586276887
Rod Marinelli,00-0009311,Jon Kitna,2006,2008,3,4,-0.0817617416188911,2,-0.2713424568263277,1,0.0829362170087976,0.1646979586276887
Adam Gase,00-0010346,Peyton Manning,2013,2014,2,12,0.3869353548635117,2,0.2208211143695014,1,-0.3526785714285714,-0.7396139262920831
Clyde Christensen,00-0010346,Peyton Manning,2010,2010,1,10,0.3935279955274337,1,0.3246425953079179,4,0.1180663412725793,-0.2754616542548543
Jim Caldwell,00-0010346,Peyton Manning,2009,2010,2,9,0.3831571603267079,2,0.4057540538209419,4,0.1180663412725793,-0.2650908190541285
John Fox,00-0010346,Peyton Manning,2012,2014,3,11,0.3872656864165686,3,0.2749813121729629,1,-0.3526785714285714,-0.7399442578451401
Mike McCoy,00-0010346,Peyton Manning,2012,2012,1,11,0.3872656864165686,1,0.3833017077798861,3,0.0296545524368104,-0.3576111339797581
Tony Dungy,00-0010346,Peyton Manning,2002,2008,4,2,0.3717229122176014,4,0.3526992330069445,6,0.2139622454553668,-0.1577606667622345
Brad Childress,00-0011022,Donovan McNabb,2002,2005,4,2,0.1168079909210653,4,0.0455064035423991,5,0.1026817494168569,-0.0141262415042083
Marty Mornhinweg,00-0011022,Donovan McNabb,2005,2009,5,5,0.1532291256539583,5,0.0789578404984508,1,-0.2318844876660341,-0.3851136133199924
Norm Chow,00-0011024,Steve McNair,2005,2005,1,5,0.1441542483626717,1,-0.3983254928315412,1,0.1431155123339658,-0.0010387360287059
Gary Kubiak,00-0013042,Jake Plummer,2003,2005,3,3,-0.1890895802230376,3,0.2499913720483032,1,0.0118905791788855,0.2009801594019231
Bill Belichick,00-0016193,Vinny Testaverde,2006,2006,1,3,-0.1405743015681345,0,,1,-0.3463541666666666,-0.205779865098532
Josh McDaniels,00-0016193,Vinny Testaverde,2006,2006,1,3,-0.1405743015681345,0,,1,-0.3463541666666666,-0.205779865098532
Mike Heimerdinger,00-0016193,Vinny Testaverde,2005,2005,1,3,-0.1405743015681345,0,,1,-0.3463541666666666,-0.205779865098532
Dennis Green,00-0017200,Kurt Warner,2005,2006,2,3,0.2999994145966805,1,-0.179150182592818,3,0.0334768662271034,-0.266522548369577
Keith Rowen,00-0017200,Kurt Warner,2005,2006,2,3,0.2999994145966805,1,-0.179150182592818,3,0.0334768662271034,-0.266522548369577
Mike Kruczek,00-0017200,Kurt Warner,2006,2006,1,4,0.1802120152993059,0,,3,0.0334768662271034,-0.1467351490722024
Todd Haley,00-0017200,Kurt Warner,2007,2008,2,4,0.1802120152993059,2,0.0567825431736722,1,-0.0131344876660341,-0.1933465029653399
Brian Schottenheimer,00-0019559,Chad Pennington,2006,2007,2,3,0.203951930244249,2,-0.1242021074254412,1,0.2483783309957924,0.0444264007515433
Eric Mangini,00-0019559,Chad Pennington,2006,2007,2,3,0.203951930244249,2,-0.1242021074254412,1,0.2483783309957924,0.0444264007515433
Mike Heimerdinger,00-0019559,Chad Pennington,2005,2005,1,3,0.203951930244249,0,,3,-8.62795169666771e-06,-0.2039605581959457
Bill O'Brien,00-0019596,Tom Brady,2011,2011,1,9,0.2558530519453543,1,0.4556155123339658,11,0.2236884858248818,-0.0321645661204725
Bruce Arians,00-0019596,Tom Brady,2020,2021,2,18,0.2678016013286586,2,0.3098958333333333,1,-0.2213541666666666,-0.4891557679953252
Josh McDaniels,00-0019596,Tom Brady,2006,2019,11,5,0.1500033192023454,10,0.2782481629222817,3,0.1328125,-0.0171908192023454
Greg Olson,00-0019599,Marc Bulger,2006,2007,2,4,0.038755334961186,2,-0.1070890654648956,2,-0.5435109257985128,-0.5822662607596989
Jim Mora Jr.,00-0020245,Mike Vick,2006,2006,1,3,0.0839564314037949,1,-0.0824240986717267,3,0.1063935328937701,0.0224371014899751
Aaron Kromer,00-0020531,Drew Brees,2012,2012,1,10,0.2873636443665271,1,0.3306155123339658,8,0.2694857305092124,-0.0178779138573147
Doug Marrone,00-0020531,Drew Brees,2006,2008,3,4,0.234067834961186,3,0.3272238954924635,12,0.2868495644792335,0.0527817295180474
Joe Vitt,00-0020531,Drew Brees,2012,2012,1,10,0.2873636443665271,1,0.3306155123339658,8,0.2694857305092124,-0.0178779138573147
Pete Carmichael Jr.,00-0020531,Drew Brees,2010,2010,1,8,0.2786026696647409,1,0.2306405791788855,10,0.2900675863576125,0.0114649166928715
"Pete Carmichael, Jr.",00-0020531,Drew Brees,2009,2014,5,7,0.2739918609031621,5,0.3363994325629865,6,0.2549261719594973,-0.0190656889436647
Joe Pendry,00-0020608,David Carr,2005,2005,1,3,-0.1349262826765736,1,-0.2463997695852534,1,-0.1386464853153587,-0.003720202638785
Dick Jauron,00-0021141,Joey Harrington,2005,2005,1,3,-0.2495096160099069,1,-0.2776497695852534,2,-0.4074102919935427,-0.1579006759836358
Mike Mularkey,00-0021141,Joey Harrington,2006,2006,1,4,-0.2565446544037435,1,-0.3573964853153587,1,-0.4574240986717267,-0.2008794442679831
Nick Saban,00-0021141,Joey Harrington,2006,2006,1,4,-0.2565446544037435,1,-0.3573964853153587,1,-0.4574240986717267,-0.2008794442679831
Ted Tollner,00-0021141,Joey Harrington,2005,2005,1,3,-0.2495096160099069,1,-0.2776497695852534,2,-0.4074102919935427,-0.1579006759836358
Aaron Kromer,00-0021206,Josh McCown,2013,2013,1,2,-0.2771360265191835,0,,3,-0.3856763196480937,-0.1085402931289101
Hue Jackson,00-0021206,Josh McCown,2016,2016,1,4,-0.3257358101804128,0,,1,-0.408357771260997,-0.0826219610805841
Jeff Davidson,00-0021206,Josh McCown,2008,2009,2,2,-0.2771360265191835,0,,3,-0.3856763196480937,-0.1085402931289101
Jeff Tedford,00-0021206,Josh McCown,2014,2014,1,2,-0.2771360265191835,1,-0.425357404692082,2,-0.3658357771260997,-0.0886997506069161
John DeFilippo,00-0021206,Josh McCown,2015,2015,1,3,-0.3265431525768164,1,-0.3233137829912024,1,-0.408357771260997,-0.0818146186841806
John Fox,00-0021206,Josh McCown,2008,2009,2,2,-0.2771360265191835,0,,3,-0.3856763196480937,-0.1085402931289101
Lovie Smith,00-0021206,Josh McCown,2011,2014,2,2,-0.2771360265191835,1,-0.425357404692082,2,-0.3658357771260997,-0.0886997506069161
Marc Trestman,00-0021206,Josh McCown,2013,2013,1,2,-0.2771360265191835,0,,3,-0.3856763196480937,-0.1085402931289101
Al Saunders,00-0021429,Carson Palmer,2011,2011,1,6,0.0990195208323103,1,0.0296283309957924,5,-0.1128608787112107,-0.211880399543521
Dennis Allen,00-0021429,Carson Palmer,2012,2012,1,7,0.0891064937128077,1,-0.2693594208211144,4,-0.0737362431837348,-0.1628427368965425
Greg Knapp,00-0021429,Carson Palmer,2012,2012,1,7,0.0891064937128077,1,-0.2693594208211144,4,-0.0737362431837348,-0.1628427368965425
Hue Jackson,00-0021429,Carson Palmer,2011,2011,1,6,0.0990195208323103,1,0.0296283309957924,5,-0.1128608787112107,-0.211880399543521
Bill Callahan,00-0021678,Tony Romo,2012,2013,2,5,0.2298307890330778,2,0.1817825431736721,1,0.4556155123339658,0.225784723300888
Gary Kubiak,00-0022121,Rex Grossman,2009,2009,1,2,-0.208148127450306,0,,1,-0.1891216690042075,0.0190264584460985
Jim Fassel,00-0022164,Kyle Boller,2005,2006,2,2,-0.1227154468315401,1,-0.3155979543666405,1,-0.3261464853153587,-0.2034310384838185
Ben McAdoo,00-0022803,Eli Manning,2014,2017,4,9,0.0892457707218681,4,-0.1415952920452149,1,-0.0541982922201138,-0.1434440629419819
Kevin Gilbride,00-0022803,Eli Manning,2007,2013,7,2,0.1919087973726782,7,0.0599134773930652,5,-0.1241158920801947,-0.316024689452873
Mike Sullivan,00-0022803,Eli Manning,2016,2017,2,11,0.0924319959999307,2,-0.3899605938416421,1,-0.0541982922201138,-0.1466302882200445
Steve Spagnuolo,00-0022803,Eli Manning,2017,2017,1,12,0.0466787126089296,1,-0.3233137829912024,1,-0.0541982922201138,-0.1008770048290434
Bruce Arians,00-0022924,Ben Roethlisberger,2007,2011,5,3,0.3234070506567597,5,0.1505750863153557,9,0.1228623198161258,-0.2005447308406338
Randy Fichtner,00-0022924,Ben Roethlisberger,2018,2020,3,14,0.2150524518243483,2,0.054150853889943,1,-0.2901785714285714,-0.5052310232529197
Todd Haley,00-0022924,Ben Roethlisberger,2012,2017,6,8,0.2153870729433822,6,0.214606290332303,3,-0.0606256212162284,-0.2760126941596106
Anthony Lynn,00-0022942,Philip Rivers,2017,2019,3,11,0.2146117274722871,3,0.2692933845092288,1,-0.05625,-0.2708617274722871
Hal Hunter,00-0022942,Philip Rivers,2012,2012,1,6,0.3489212462016897,1,-0.2516216690042075,8,0.1588066684396143,-0.1901145777620753
Ken Whisenhunt,00-0022942,Philip Rivers,2013,2018,4,7,0.2631294011722758,4,0.2944427748188718,2,-0.0135538856304985,-0.2766832868027743
Mike McCoy,00-0022942,Philip Rivers,2013,2016,4,7,0.2631294011722758,4,0.129705798497307,4,0.1879075383819216,-0.0752218627903541
Andy Reid,00-0023436,Alex Smith,2013,2017,5,7,-0.1650719495525268,5,0.172190304997004,2,-0.4127107771260997,-0.2476388275735728
Brad Childress,00-0023436,Alex Smith,2016,2016,1,10,-0.0699810229524552,1,0.0806155123339658,3,-0.1669263196480938,-0.0969452966956386
Doug Pederson,00-0023436,Alex Smith,2013,2015,3,7,-0.1650719495525268,3,0.1518978057810456,4,-0.1050408616525789,0.0600310878999479
Greg Roman,00-0023436,Alex Smith,2011,2012,2,5,-0.2814198864033612,2,0.1257978925745587,7,0.0050757101046887,0.2864955965080499
Jay Gruden,00-0023436,Alex Smith,2018,2018,1,12,-0.024546010156889,1,-0.2920637829912024,1,-0.533357771260997,-0.508811761104108
Jim Harbaugh,00-0023436,Alex Smith,2011,2012,2,5,-0.2814198864033612,2,0.1257978925745587,7,0.0050757101046887,0.2864955965080499
Jim Hostler,00-0023436,Alex Smith,2007,2007,1,2,-0.2633404468315401,1,-0.4718479543666405,11,-0.0110404389186497,0.2523000079128904
Jim Tomsula,00-0023436,Alex Smith,2010,2010,1,4,-0.3077313333362698,1,-0.1761740986717267,9,0.0319028617646598,0.3396341951009297
Jimmy Raye,00-0023436,Alex Smith,2009,2010,2,3,-0.3328429493432402,2,-0.2042852919935427,9,0.0319028617646598,0.3647458111079001
Matt Cavanaugh,00-0023436,Alex Smith,2018,2018,1,12,-0.024546010156889,1,-0.2920637829912024,1,-0.533357771260997,-0.508811761104108
Matt Nagy,00-0023436,Alex Smith,2016,2017,2,10,-0.0699810229524552,2,0.2026290538209418,2,-0.4127107771260997,-0.3427297541736445
Mike Johnson,00-0023436,Alex Smith,2010,2010,1,4,-0.3077313333362698,1,-0.1761740986717267,9,0.0319028617646598,0.3396341951009297
Mike Singletary,00-0023436,Alex Smith,2009,2010,2,3,-0.3328429493432402,2,-0.2042852919935427,9,0.0319028617646598,0.3647458111079001
Adam Stenavich,00-0023459,Aaron Rodgers,2022,2022,1,13,0.2916011165216591,1,0.0848214285714286,2,-0.1432291666666666,-0.4348302831883257
Edgar Bennett,00-0023459,Aaron Rodgers,2015,2017,3,7,0.3366991916787794,2,0.2317700097512123,7,0.1098204641093973,-0.226878727569382
Jeff Ulbrich,00-0023459,Aaron Rodgers,2024,2024,1,14,0.2768311388109283,1,-0.1276041666666666,1,-0.1588541666666666,-0.4356853054775949
Matt LaFleur,00-0023459,Aaron Rodgers,2019,2022,4,10,0.2997120578262678,4,0.2196288412725793,2,-0.1432291666666666,-0.4429412244929345
Nathaniel Hackett,00-0023459,Aaron Rodgers,2019,2024,5,10,0.2997120578262678,4,0.1665224424630555,1,-0.1588541666666666,-0.4585662244929345
Robert Saleh,00-0023459,Aaron Rodgers,2023,2023,1,14,0.2768311388109283,0,,2,-0.1432291666666666,-0.4200603054775949
Robert Saleh (fired on October 8),00-0023459,Aaron Rodgers,2024,2024,1,14,0.2768311388109283,1,-0.1276041666666666,1,-0.1588541666666666,-0.4356853054775949
Tom Clements,00-0023459,Aaron Rodgers,2012,2014,3,4,0.3345689035423991,3,0.33953957586062,9,0.1369203631409118,-0.1976485404014872
Al Saunders,00-0023460,Jason Campbell,2011,2011,1,4,-0.0863920769847448,0,,1,-0.3453716690042075,-0.2589795920194627
Lovie Smith,00-0023460,Jason Campbell,2012,2012,1,4,-0.0863920769847448,0,,1,-0.3453716690042075,-0.2589795920194627
Mike Tice,00-0023460,Jason Campbell,2012,2012,1,4,-0.0863920769847448,0,,1,-0.3453716690042075,-0.2589795920194627
Tom Cable,00-0023460,Jason Campbell,2010,2010,1,3,-0.1189647364224175,1,0.0113259013282732,1,-0.3453716690042075,-0.22640693258179
Bill Callahan,00-0023541,Kyle Orton,2012,2013,2,4,-0.196829199086854,0,,1,-0.3006094208211144,-0.1037802217342603
Jason Garrett,00-0023541,Kyle Orton,2012,2013,2,4,-0.196829199086854,0,,1,-0.3006094208211144,-0.1037802217342603
John Fox,00-0023541,Kyle Orton,2011,2011,1,4,-0.196829199086854,0,,1,-0.3006094208211144,-0.1037802217342603
Josh McDaniels,00-0023541,Kyle Orton,2009,2009,1,2,-0.2987481061801653,1,-0.1073964853153587,2,-0.1915167597464205,0.1072313464337447
Josh McDaniels {{small|(fired December 6)}},00-0023541,Kyle Orton,2010,2010,1,3,-0.2349642325585631,1,-0.0824240986717267,1,-0.3006094208211144,-0.0656451882625512
Mike McCoy,00-0023541,Kyle Orton,2009,2011,3,2,-0.2987481061801653,2,-0.0949102919935427,1,-0.3006094208211144,-0.001861314640949
Eric Mangini,00-0023645,Derek Anderson,2009,2009,1,2,-0.155998861975947,0,,1,-0.4574240986717267,-0.3014252366957797
Bill Muir,00-0023662,Matt Cassel,2011,2011,1,3,0.073343215475887,1,-0.3817540322580645,2,-0.4293628377121796,-0.5027060531880666
Bill Musgrave,00-0023662,Matt Cassel,2013,2013,1,5,-0.1369249136846443,0,,1,-0.3358254928315412,-0.1989005791468968
Brian Daboll,00-0023662,Matt Cassel,2012,2012,1,4,-0.0404310964576008,1,-0.522900182592818,1,-0.3358254928315412,-0.2953943963739402
Charlie Weis,00-0023662,Matt Cassel,2010,2010,1,2,0.0262268725496938,1,0.1675759013282732,3,-0.4134932358941412,-0.4397201084438351
Leslie Frazier,00-0023662,Matt Cassel,2013,2013,1,5,-0.1369249136846443,0,,1,-0.3358254928315412,-0.1989005791468968
Mike Zimmer,00-0023662,Matt Cassel,2014,2014,1,5,-0.1369249136846443,0,,1,-0.3358254928315412,-0.1989005791468968
Norv Turner,00-0023662,Matt Cassel,2014,2014,1,5,-0.1369249136846443,0,,1,-0.3358254928315412,-0.1989005791468968
Romeo Crennel,00-0023662,Matt Cassel,2011,2011,1,3,0.073343215475887,1,-0.3817540322580645,2,-0.4293628377121796,-0.5027060531880666
"Todd Haley (fired Dec 12, 2011)",00-0023662,Matt Cassel,2011,2011,1,3,0.073343215475887,1,-0.3817540322580645,2,-0.4293628377121796,-0.5027060531880666
Bill O'Brien,00-0023682,Ryan Fitzpatrick,2014,2014,1,6,-0.2289577062379048,1,-0.1756094208211144,3,-0.1656360909058963,0.0633216153320084
Curtis Modkins,00-0023682,Ryan Fitzpatrick,2010,2012,3,2,-0.4112731274503061,3,-0.183192771174203,5,-0.1348278725086022,0.2764452549417039
Dirk Koetter,00-0023682,Ryan Fitzpatrick,2017,2018,2,9,-0.1900906265273464,0,,1,-0.3354482922201138,-0.1453576656927673
Dowell Loggains,00-0023682,Ryan Fitzpatrick,2013,2013,1,5,-0.2744249136846443,1,-0.0016216690042075,4,-0.1681294233847008,0.1062954902999434
Mike Munchak,00-0023682,Ryan Fitzpatrick,2013,2013,1,5,-0.2744249136846443,1,-0.0016216690042075,4,-0.1681294233847008,0.1062954902999434
Todd Bowles,00-0023682,Ryan Fitzpatrick,2015,2016,2,7,-0.2213365226069347,2,-0.0807299902487876,1,-0.3354482922201138,-0.114111769613179
Todd Monken,00-0023682,Ryan Fitzpatrick,2017,2018,2,9,-0.1900906265273464,0,,1,-0.3354482922201138,-0.1453576656927673
Aaron Kromer,00-0024226,Jay Cutler,2013,2014,2,6,-0.0984011318475077,2,0.0189890742014872,2,-0.2193719542435742,-0.1209708223960664
Dowell Loggains,00-0024226,Jay Cutler,2016,2016,1,9,-0.0670042292781318,0,,1,-0.3881344876660341,-0.3211302583879022
John Fox,00-0024226,Jay Cutler,2015,2016,2,8,-0.069053580335259,1,-0.0506094208211144,1,-0.3881344876660341,-0.3190809073307751
Lovie Smith,00-0024226,Jay Cutler,2009,2012,4,2,0.3012837973726783,4,-0.2982435964576008,4,-0.1001914400210435,-0.4014752373937218
Marc Trestman,00-0024226,Jay Cutler,2013,2014,2,6,-0.0984011318475077,2,0.0189890742014872,2,-0.2193719542435742,-0.1209708223960664
Mike Martz,00-0024226,Jay Cutler,2010,2011,2,3,0.118722608386701,2,-0.3605352919935427,5,-0.1252539584684477,-0.2439765668551487
Mike Tice,00-0024226,Jay Cutler,2012,2012,1,5,-0.0729805517653964,1,-0.2255040322580644,4,-0.1001914400210435,-0.027210888255647
Ron Turner,00-0024226,Jay Cutler,2009,2009,1,2,0.3012837973726783,1,-0.2463997695852534,7,-0.1924771966184748,-0.4937609939911531
Arthur Smith,00-0026143,Matt Ryan,2021,2021,1,13,0.1819460083486214,1,-0.3233137829912024,1,-0.4916982922201138,-0.6736443005687351
Dan Quinn,00-0026143,Matt Ryan,2015,2020,6,7,0.2047852523056965,6,0.1553002237320337,2,-0.407506037605658,-0.6122912899113546
Dave Ragone,00-0026143,Matt Ryan,2021,2021,1,13,0.1819460083486214,1,-0.3233137829912024,1,-0.4916982922201138,-0.6736443005687351
Dirk Koetter,00-0026143,Matt Ryan,2012,2020,5,4,0.2825178455962564,5,0.0729866982793467,2,-0.407506037605658,-0.6900238832019145
Kyle Shanahan,00-0026143,Matt Ryan,2015,2016,2,7,0.2047852523056965,2,0.1908640742014871,6,-0.0441564802036813,-0.2489417325093778
Raheem Morris,00-0026143,Matt Ryan,2020,2020,1,12,0.2013046261020133,1,-0.050357404692082,2,-0.407506037605658,-0.6088106637076715
Steve Sarkisian,00-0026143,Matt Ryan,2017,2018,2,9,0.2016916571714277,2,0.2442825431736722,4,-0.1883759918923581,-0.3900676490637859
Adam Gase,00-0026158,Joe Flacco,2020,2020,1,12,-0.0278620405646532,0,,1,-0.43125,-0.4033879594353467
Alex Van Pelt,00-0026158,Joe Flacco,2023,2023,1,12,-0.0278620405646532,0,,1,-0.43125,-0.4033879594353467
Dowell Loggains,00-0026158,Joe Flacco,2020,2020,1,12,-0.0278620405646532,0,,1,-0.43125,-0.4033879594353467
Gary Kubiak,00-0026158,Joe Flacco,2014,2014,1,6,0.0785834663996567,1,0.2432459677419355,6,-0.2467235421526191,-0.3253070085522759
Greg Roman,00-0026158,Joe Flacco,2018,2018,1,10,-0.0172884506278264,1,0.0079245071684588,2,-0.300317243833017,-0.2830287932051906
Jim Caldwell,00-0026158,Joe Flacco,2012,2013,2,4,0.1965803455962564,2,-0.1574102919935427,7,-0.1767278978819685,-0.373308243478225
Kevin Stefanski,00-0026158,Joe Flacco,2023,2023,1,12,-0.0278620405646532,0,,1,-0.43125,-0.4033879594353467
Marc Trestman,00-0026158,Joe Flacco,2015,2016,2,7,0.102106680877125,2,-0.3716359257985128,4,-0.1842673503296724,-0.2863740312067975
Marty Mornhinweg,00-0026158,Joe Flacco,2017,2018,2,9,-0.0031694539396833,2,-0.0682174568263278,2,-0.300317243833017,-0.2971477898933337
Mike LaFleur,00-0026158,Joe Flacco,2021,2022,2,12,-0.0278620405646532,0,,1,-0.43125,-0.4033879594353467
Rich Scangarello,00-0026158,Joe Flacco,2019,2019,1,11,-0.0149963635554368,1,-0.1693844876660341,1,-0.43125,-0.4162536364445631
Robert Saleh,00-0026158,Joe Flacco,2021,2022,2,12,-0.0278620405646532,0,,1,-0.43125,-0.4033879594353467
Vic Fangio,00-0026158,Joe Flacco,2019,2019,1,11,-0.0149963635554368,1,-0.1693844876660341,1,-0.43125,-0.4162536364445631
Bob Bratkowski,00-0026197,Chad Henne,2012,2012,1,2,-0.0580912026273217,0,,1,-0.4886740986717267,-0.430582896044405
Brian Daboll,00-0026197,Chad Henne,2011,2011,1,2,-0.0580912026273217,0,,1,-0.4886740986717267,-0.430582896044405
Mike Mularkey,00-0026197,Chad Henne,2012,2012,1,2,-0.0580912026273217,0,,1,-0.4886740986717267,-0.430582896044405
Todd Bowles,00-0026197,Chad Henne,2011,2011,1,2,-0.0580912026273217,0,,1,-0.4886740986717267,-0.430582896044405
Darrell Bevell,00-0026498,Matthew Stafford,2019,2020,2,9,-0.0517833394878067,2,-0.1432299902487876,5,0.0277545497671209,0.0795378892549276
Jim Bob Cooter,00-0026498,Matthew Stafford,2015,2018,4,5,-0.0393329501428113,4,-0.067346326169051,7,-0.02109817595171,0.0182347741911012
Jim Caldwell,00-0026498,Matthew Stafford,2014,2017,4,4,-0.0519976630105824,4,-0.0127999956317041,8,-0.0443183315603856,0.0076793314501968
Joe Lombardi,00-0026498,Matthew Stafford,2014,2014,1,4,-0.0519976630105824,1,0.0113259013282732,11,-0.0379156851216522,0.0140819778889302
"Joe Lombardi (fired Oct 26, 2015)",00-0026498,Matthew Stafford,2015,2015,1,5,-0.0393329501428113,1,-0.1317540322580644,10,-0.028531850408011,0.0108010997348002
Kevin O'Connell,00-0026498,Matthew Stafford,2021,2021,1,11,-0.0684100032625305,1,0.1996425953079179,4,-0.0152174616180783,0.0531925416444522
Liam Coen,00-0026498,Matthew Stafford,2022,2022,1,12,-0.0460722867149931,1,-0.3858137829912024,3,0.1083146455062963,0.1543869322212895
Matt Patricia,00-0026498,Matthew Stafford,2018,2019,2,8,-0.0323988293211433,2,-0.2088424568263277,6,0.0105230435282617,0.042921872849405
Dowell Loggains,00-0026625,Brian Hoyer,2016,2016,1,2,-0.2633390654648956,0,,1,-0.0328716690042075,0.2304673964606881
John Fox,00-0026625,Brian Hoyer,2016,2016,1,2,-0.2633390654648956,0,,1,-0.0328716690042075,0.2304673964606881
Tony Sparano,00-0026898,Mark Sanchez,2012,2012,1,3,-0.0515929493432402,1,-0.4026497695852534,1,0.0738259013282732,0.1254188506715134
Brian Schottenheimer,00-0027854,Sam Bradford,2012,2013,2,2,-0.2789654468315401,1,-0.1280979543666405,2,-0.2008390654648955,0.0781263813666445
Chip Kelly {{small|(fired on December 29)}},00-0027854,Sam Bradford,2015,2015,1,3,-0.2286762826765735,1,-0.1761740986717267,1,-0.2255040322580644,0.0031722504185091
Jeff Fisher,00-0027854,Sam Bradford,2012,2012,1,2,-0.2789654468315401,1,-0.1280979543666405,2,-0.2008390654648955,0.0781263813666445
Mike Shula,00-0027939,Cam Newton,2013,2017,5,2,0.4241595531684599,5,0.0732855319605912,2,-0.0055048017069661,-0.4296643548754261
Norv Turner,00-0027939,Cam Newton,2018,2019,2,7,0.1735352523056965,1,0.164599817407182,1,-0.1756094208211144,-0.3491446731268109
Scott Turner,00-0027939,Cam Newton,2019,2019,1,8,0.1724183229433822,0,,1,-0.1756094208211144,-0.3480277437644966
Greg Roman,00-0027948,Blaine Gabbert,2014,2014,1,2,-0.3102154468315401,0,,1,-0.4511464853153587,-0.1409310384838186
Gus Bradley,00-0027948,Blaine Gabbert,2013,2013,1,2,-0.3102154468315401,0,,1,-0.4511464853153587,-0.1409310384838186
Jedd Fisch,00-0027948,Blaine Gabbert,2013,2013,1,2,-0.3102154468315401,0,,1,-0.4511464853153587,-0.1409310384838186
Jim Harbaugh,00-0027948,Blaine Gabbert,2014,2014,1,2,-0.3102154468315401,0,,1,-0.4511464853153587,-0.1409310384838186
Bill Lazor,00-0027973,Andy Dalton,2017,2021,3,6,0.13066679973299,2,-0.2179521074254412,2,-0.1525991353286182,-0.2832659350616082
Brian Callahan,00-0027973,Andy Dalton,2019,2019,1,8,0.0435120729433822,1,-0.4391216690042075,3,-0.1915192304927836,-0.2350313034361658
Chris Tabor,00-0027973,Andy Dalton,2023,2023,1,11,-0.0424789994494816,0,,1,-0.1983137829912024,-0.1558347835417207
Dennis Allen,00-0027973,Andy Dalton,2022,2022,1,10,-0.0360384506278264,1,-0.1068844876660341,1,-0.1983137829912024,-0.1622753323633759
Frank Reich; fired on November 27,00-0027973,Andy Dalton,2023,2023,1,11,-0.0424789994494816,0,,1,-0.1983137829912024,-0.1558347835417207
Hue Jackson,00-0027973,Andy Dalton,2014,2015,2,3,0.1150737173234263,2,0.1199768725496939,7,-0.1786796677150239,-0.2937533850384503
Kellen Moore,00-0027973,Andy Dalton,2020,2020,1,9,-0.0101138983841277,1,-0.2693594208211144,2,-0.1525991353286182,-0.1424852369444904
Ken Zampese,00-0027973,Andy Dalton,2016,2016,1,5,0.1170349794139334,1,0.1988259013282732,6,-0.2415972625555734,-0.3586322419695069
"Ken Zampese (fired Sept 15, 2017)",00-0027973,Andy Dalton,2017,2017,1,6,0.13066679973299,1,-0.3192540322580645,5,-0.2260659086150752,-0.3567327083480653
Matt Nagy,00-0027973,Andy Dalton,2021,2021,1,10,-0.0360384506278264,0,,2,-0.1525991353286182,-0.1165606847007918
Mike McCarthy,00-0027973,Andy Dalton,2020,2020,1,9,-0.0101138983841277,1,-0.2693594208211144,2,-0.1525991353286182,-0.1424852369444904
Pete Carmichael,00-0027973,Andy Dalton,2022,2022,1,10,-0.0360384506278264,1,-0.1068844876660341,1,-0.1983137829912024,-0.1622753323633759
Thomas Brown,00-0027973,Andy Dalton,2023,2023,1,11,-0.0424789994494816,0,,1,-0.1983137829912024,-0.1558347835417207
Zac Taylor,00-0027973,Andy Dalton,2019,2019,1,8,0.0435120729433822,1,-0.4391216690042075,3,-0.1915192304927836,-0.2350313034361658
Geep Chryst,00-0027974,Colin Kaepernick,2015,2015,1,2,0.015876138024053,0,,1,-0.4574240986717267,-0.4733002366957797
Jim Tomsula,00-0027974,Colin Kaepernick,2015,2015,1,2,0.015876138024053,0,,1,-0.4574240986717267,-0.4733002366957797
Brian Daboll,00-0028118,Tyrod Taylor,2022,2023,2,3,0.0490584612516166,0,,1,-0.4291982922201138,-0.4782567534717304
David Culley,00-0028118,Tyrod Taylor,2021,2021,1,3,0.0490584612516166,0,,1,-0.4291982922201138,-0.4782567534717304
Freddie Kitchens,00-0028118,Tyrod Taylor,2018,2018,1,3,0.0490584612516166,0,,1,-0.4291982922201138,-0.4782567534717304
Hue Jackson,00-0028118,Tyrod Taylor,2018,2018,1,3,0.0490584612516166,0,,1,-0.4291982922201138,-0.4782567534717304
Jeff Ulbrich,00-0028118,Tyrod Taylor,2024,2024,1,3,0.0490584612516166,0,,1,-0.4291982922201138,-0.4782567534717304
Mike Kafka,00-0028118,Tyrod Taylor,2022,2023,2,3,0.0490584612516166,0,,1,-0.4291982922201138,-0.4782567534717304
Nathaniel Hackett,00-0028118,Tyrod Taylor,2024,2024,1,3,0.0490584612516166,0,,1,-0.4291982922201138,-0.4782567534717304
Rick Dennison,00-0028118,Tyrod Taylor,2017,2017,1,2,0.2019647080064572,1,-0.2567540322580645,1,-0.4291982922201138,-0.631163000226571
Robert Saleh (fired on October 8),00-0028118,Tyrod Taylor,2024,2024,1,3,0.0490584612516166,0,,1,-0.4291982922201138,-0.4782567534717304
Sean McDermott,00-0028118,Tyrod Taylor,2017,2017,1,2,0.2019647080064572,1,-0.2567540322580645,1,-0.4291982922201138,-0.631163000226571
Shane Steichen,00-0028118,Tyrod Taylor,2019,2020,2,3,0.0490584612516166,0,,1,-0.4291982922201138,-0.4782567534717304
Tim Kelly,00-0028118,Tyrod Taylor,2021,2021,1,3,0.0490584612516166,0,,1,-0.4291982922201138,-0.4782567534717304
Todd Haley,00-0028118,Tyrod Taylor,2018,2018,1,3,0.0490584612516166,0,,1,-0.4291982922201138,-0.4782567534717304
Bill Musgrave,00-0028986,Case Keenum,2018,2018,1,2,-0.1417852919935427,1,-0.2255040322580644,1,-0.491650182592818,-0.3498648905992753
Vance Joseph,00-0028986,Case Keenum,2018,2018,1,2,-0.1417852919935427,1,-0.2255040322580644,1,-0.491650182592818,-0.3498648905992753
Brian Schottenheimer,00-0029263,Russell Wilson,2018,2020,3,6,0.30254179973299,3,0.1874913720483032,4,-0.1359192015026929,-0.4384610012356829
Jerry Rosburg,00-0029263,Russell Wilson,2022,2022,1,10,0.2452115493721735,1,-0.3670754928315412,2,-0.125495946179058,-0.3707074955512316
Joe Lombardi,00-0029263,Russell Wilson,2023,2023,1,11,0.1895490909900176,1,-0.0756344876660341,1,-0.175357404692082,-0.3649064956820996
Justin Outten,00-0029263,Russell Wilson,2022,2022,1,10,0.2452115493721735,1,-0.3670754928315412,2,-0.125495946179058,-0.3707074955512316
Sean Payton,00-0029263,Russell Wilson,2023,2023,1,11,0.1895490909900176,1,-0.0756344876660341,1,-0.175357404692082,-0.3649064956820996
Shane Waldron,00-0029263,Russell Wilson,2021,2021,1,9,0.2641916571714278,1,0.0743905791788855,3,-0.2060224617298857,-0.4702141189013135
Gary Kubiak,00-0029604,Kirk Cousins,2020,2020,1,5,0.0318250863153557,1,0.1546283309957924,4,-0.0109192015026929,-0.0427442878180486
Kevin O'Connell,00-0029604,Kirk Cousins,2022,2023,2,7,0.0375920488216366,2,-0.0182299902487876,1,0.0433925953079179,0.0058005464862812
Kevin Stefanski,00-0029604,Kirk Cousins,2018,2019,2,3,0.1254265488092203,2,-0.1085771074254412,5,0.0221903049970041,-0.1032362438122162
Klint Kubiak,00-0029604,Kirk Cousins,2021,2021,1,6,0.0522922937620951,1,-0.0506094208211144,3,0.0023108716034475,-0.0499814221586476
Matt Cavanaugh,00-0029604,Kirk Cousins,2017,2017,1,2,0.2293518725496938,1,-0.0824240986717267,7,-0.0151718128379802,-0.2445236853876741
Mike Zimmer,00-0029604,Kirk Cousins,2018,2021,4,3,0.1254265488092203,4,-0.0282838261690511,3,0.0023108716034475,-0.1231156772057728
Wes Phillips,00-0029604,Kirk Cousins,2022,2023,2,7,0.0375920488216366,2,-0.0182299902487876,1,0.0433925953079179,0.0058005464862812
Rob Chudzinski,00-0029668,Andrew Luck,2015,2016,2,3,0.2609070506567597,1,0.1113535146846412,1,0.1494959677419355,-0.1114110829148242
Adam Gase,00-0029701,Ryan Tannehill,2016,2018,2,4,-0.0143571544037435,2,-0.2289502587867116,4,0.1003858086875796,0.1147429630913232
Arthur Smith,00-0029701,Ryan Tannehill,2019,2020,2,6,-0.0858881891980662,2,0.3314890742014872,2,-0.1307174568263278,-0.0448292676282616
Bill Lazor,00-0029701,Ryan Tannehill,2014,2014,1,2,-0.0602154468315401,1,0.1844020456333595,7,-0.0253938646297654,0.0348215822017747
Clyde Christensen,00-0029701,Ryan Tannehill,2016,2016,1,4,-0.0143571544037435,1,-0.0448964853153587,5,-0.0022921595015491,0.0120649949021943
Dan Campbell,00-0029701,Ryan Tannehill,2015,2015,1,3,0.0213237173234264,1,-0.1213997695852534,6,-0.0093928804705174,-0.0307165977939438
Dowell Loggains,00-0029701,Ryan Tannehill,2018,2018,1,5,-0.0204650205860665,1,-0.4130040322580645,4,0.1003858086875796,0.1208508292736462
Joe Philbin {{small|(fired on October 5)}},00-0029701,Ryan Tannehill,2015,2015,1,3,0.0213237173234264,1,-0.1213997695852534,6,-0.0093928804705174,-0.0307165977939438
Zac Taylor,00-0029701,Ryan Tannehill,2015,2015,1,3,0.0213237173234264,1,-0.1213997695852534,6,-0.0093928804705174,-0.0307165977939438
Anthony Lynn,00-0030565,Geno Smith,2018,2018,1,2,-0.2320904468315401,0,,4,-0.0812317015026929,0.1508587453288471
Ben McAdoo,00-0030565,Geno Smith,2017,2017,1,2,-0.2320904468315401,0,,4,-0.0812317015026929,0.1508587453288471
Brian Schottenheimer,00-0030565,Geno Smith,2020,2020,1,2,-0.2320904468315401,0,,4,-0.0812317015026929,0.1508587453288471
Chan Gailey,00-0030565,Geno Smith,2015,2016,2,2,-0.2320904468315401,0,,4,-0.0812317015026929,0.1508587453288471
Ken Whisenhunt,00-0030565,Geno Smith,2018,2018,1,2,-0.2320904468315401,0,,4,-0.0812317015026929,0.1508587453288471
Mike Macdonald,00-0030565,Geno Smith,2024,2024,1,4,-0.0564039518289339,1,-0.0131344876660341,1,-0.550357404692082,-0.493953452863148
Mike Sullivan,00-0030565,Geno Smith,2017,2017,1,2,-0.2320904468315401,0,,4,-0.0812317015026929,0.1508587453288471
Ryan Grubb,00-0030565,Geno Smith,2024,2024,1,4,-0.0564039518289339,1,-0.0131344876660341,1,-0.550357404692082,-0.493953452863148
Shane Waldron,00-0030565,Geno Smith,2021,2023,3,2,-0.2320904468315401,2,0.1192825431736721,2,-0.281745946179058,-0.0496554993475179
Steve Spagnuolo,00-0030565,Geno Smith,2017,2017,1,2,-0.2320904468315401,0,,4,-0.0812317015026929,0.1508587453288471
Todd Bowles,00-0030565,Geno Smith,2015,2016,2,2,-0.2320904468315401,0,,4,-0.0812317015026929,0.1508587453288471
Joe Brady,00-0031237,Teddy Bridgewater,2020,2020,1,2,0.1116595531684598,1,-0.1317540322580644,1,-0.054150182592818,-0.1658097357612778
Matt Rhule,00-0031237,Teddy Bridgewater,2020,2020,1,2,0.1116595531684598,1,-0.1317540322580644,1,-0.054150182592818,-0.1658097357612778
Pete Carmichael,00-0031237,Teddy Bridgewater,2018,2019,2,2,0.1116595531684598,0,,2,-0.0929521074254412,-0.204611660593901
Sean Payton,00-0031237,Teddy Bridgewater,2018,2019,2,2,0.1116595531684598,0,,2,-0.0929521074254412,-0.204611660593901
Jon Gruden,00-0031280,Derek Carr,2018,2020,3,4,-0.0534196544037435,3,-0.02385820541505,4,-0.1261766913124203,-0.0727570369086767
Josh McDaniels,00-0031280,Derek Carr,2022,2022,1,8,-0.0580504270566177,1,-0.0953716690042075,2,-0.1150924568263278,-0.05704202976971
Mick Lombardi,00-0031280,Derek Carr,2022,2022,1,8,-0.0580504270566177,1,-0.0953716690042075,2,-0.1150924568263278,-0.05704202976971
Pete Carmichael,00-0031280,Derek Carr,2023,2023,1,9,-0.062197231717461,1,0.0743905791788855,1,-0.3045754928315412,-0.2423782611140801
Rich Bisaccia,00-0031280,Derek Carr,2021,2021,1,7,-0.0407504619800177,1,-0.179150182592818,3,-0.108518860885621,-0.0677683989056033
Todd Downing,00-0031280,Derek Carr,2017,2017,1,3,-0.0620096160099069,1,-0.0276497695852534,7,-0.0823259116421187,-0.0203162956322118
Bruce Arians,00-0031503,Jameis Winston,2019,2019,1,4,0.1418928455962564,1,-0.0761464853153587,2,-0.4036817265395894,-0.5455745721358458
Byron Leftwich,00-0031503,Jameis Winston,2019,2019,1,4,0.1418928455962564,1,-0.0761464853153587,2,-0.4036817265395894,-0.5455745721358458
Dennis Allen,00-0031503,Jameis Winston,2022,2023,2,6,0.028695144135267,0,,1,-0.4881094208211144,-0.5168045649563815
Pete Carmichael,00-0031503,Jameis Winston,2020,2023,4,5,0.0982849794139334,1,-0.3192540322580645,1,-0.4881094208211144,-0.5863944002350479
Sean Payton,00-0031503,Jameis Winston,2020,2021,2,5,0.0982849794139334,1,-0.3192540322580645,1,-0.4881094208211144,-0.5863944002350479
Greg Olson,00-0032268,Marcus Mariota,2020,2021,2,4,-0.1237321544037435,0,,1,-0.147900182592818,-0.0241680281890744
Jon Gruden,00-0032268,Marcus Mariota,2020,2020,1,4,-0.1237321544037435,0,,1,-0.147900182592818,-0.0241680281890744
Matt LaFleur,00-0032268,Marcus Mariota,2018,2018,1,3,-0.0828429493432402,1,-0.2463997695852534,1,-0.147900182592818,-0.0650572332495777
Mike Vrabel,00-0032268,Marcus Mariota,2018,2019,2,3,-0.0828429493432402,1,-0.2463997695852534,1,-0.147900182592818,-0.0650572332495777
Rich Bisaccia,00-0032268,Marcus Mariota,2021,2021,1,4,-0.1237321544037435,0,,1,-0.147900182592818,-0.0241680281890744
Mike Groh,00-0032950,Carson Wentz,2018,2019,2,2,0.2210345531684598,2,0.0315011380240529,2,-0.1574102919935427,-0.3784448451620026
Kellen Moore,00-0033077,Dak Prescott,2019,2022,4,3,0.2504903839900931,3,0.2839740331616517,3,0.1103729091939533,-0.1401174747961397
Mike McCarthy,00-0033077,Dak Prescott,2020,2024,5,4,0.2903303455962564,4,0.1043875043682957,1,0.3556405791788856,0.0653102335826291
Anthony Lynn,00-0033106,Jared Goff,2021,2021,1,4,0.1246928349611861,1,-0.2386740986717267,4,0.2685911738309488,0.1438983388697627
Ben Johnson,00-0033106,Jared Goff,2022,2024,3,5,0.0520194482346035,3,0.2812413720483033,1,0.2306405791788855,0.1786211309442819
Jedd Fisch,00-0033106,Jared Goff,2019,2019,1,2,0.4106587973726783,1,-0.0901497695852534,6,0.1005490185561183,-0.31010977881656
Kevin O'Connell,00-0033106,Jared Goff,2020,2020,1,3,0.243722608386701,1,-0.2323964853153587,5,0.1671381193304137,-0.0765844890562873
Alex Van Pelt,00-0033119,Jacoby Brissett,2022,2024,2,2,-0.1172421102366282,1,0.0557459677419355,1,-0.2381094208211144,-0.1208673105844861
Brian Flores,00-0033119,Jacoby Brissett,2021,2021,1,2,-0.1172421102366282,0,,2,-0.0911817265395894,0.0260603836970387
Eric Bieniemy,00-0033119,Jacoby Brissett,2023,2023,1,3,-0.0595794175771069,0,,1,-0.2381094208211144,-0.1785300032440074
Eric Studesville,00-0033119,Jacoby Brissett,2021,2021,1,2,-0.1172421102366282,0,,2,-0.0911817265395894,0.0260603836970387
George Godsey,00-0033119,Jacoby Brissett,2021,2021,1,2,-0.1172421102366282,0,,2,-0.0911817265395894,0.0260603836970387
Jerod Mayo,00-0033119,Jacoby Brissett,2024,2024,1,3,-0.0595794175771069,0,,1,-0.2381094208211144,-0.1785300032440074
Kevin Stefanski,00-0033119,Jacoby Brissett,2022,2022,1,2,-0.1172421102366282,1,0.0557459677419355,1,-0.2381094208211144,-0.1208673105844861
Ron Rivera,00-0033119,Jacoby Brissett,2023,2023,1,3,-0.0595794175771069,0,,1,-0.2381094208211144,-0.1785300032440074
Romeo Crennel,00-0033537,Deshaun Watson,2020,2020,1,2,0.1762837973726783,1,0.1598502304147465,1,-0.4130040322580645,-0.5892878296307428
Alex Van Pelt,00-0034855,Baker Mayfield,2020,2021,2,2,0.0022845531684598,2,0.109626138024053,3,0.0876405621591302,0.0853560089906703
Ben McAdoo,00-0034855,Baker Mayfield,2022,2022,1,4,0.0559553455962564,0,,3,0.0876405621591302,0.0316852165628737
Dave Canales,00-0034855,Baker Mayfield,2023,2023,1,4,0.0559553455962564,1,0.1363259013282732,2,0.0632978925745587,0.0073425469783023
Kevin Stefanski,00-0034855,Baker Mayfield,2020,2021,2,2,0.0022845531684598,2,0.109626138024053,3,0.0876405621591302,0.0853560089906703
Liam Coen,00-0034855,Baker Mayfield,2024,2024,1,5,0.0720294567426598,1,0.3057459677419355,1,-0.179150182592818,-0.2511796393354778
Steve Wilks,00-0034855,Baker Mayfield,2022,2022,1,4,0.0559553455962564,0,,3,0.0876405621591302,0.0316852165628737
Ken Dorsey,00-0034857,Josh Allen,2022,2022,1,4,0.1184553455962564,1,0.4238535146846413,3,0.3897238954924636,0.2712685498962071
Ken Dorsey; fired after Week 10,00-0034857,Josh Allen,2023,2023,1,5,0.1795349794139334,1,0.4175759013282732,2,0.3757978925745587,0.1962629131606253
Ben McAdoo,00-0034869,Sam Darnold,2022,2022,1,4,-0.3815446544037435,0,,2,0.0476728925745587,0.4292175469783022
Grant Udinski,00-0034869,Sam Darnold,2024,2024,1,4,-0.3815446544037435,1,0.0244959677419355,1,0.0708498174071819,0.4523944718109254
Jeff Nixon,00-0034869,Sam Darnold,2021,2021,1,3,-0.3640929493432402,1,-0.4338997695852534,2,0.0476728925745587,0.4117658419177989
Joe Brady (fired mid season),00-0034869,Sam Darnold,2021,2021,1,3,-0.3640929493432402,1,-0.4338997695852534,2,0.0476728925745587,0.4117658419177989
Kevin O'Connell,00-0034869,Sam Darnold,2024,2024,1,4,-0.3815446544037435,1,0.0244959677419355,1,0.0708498174071819,0.4523944718109254
Kyle Shanahan,00-0034869,Sam Darnold,2023,2023,1,4,-0.3815446544037435,0,,2,0.0476728925745587,0.4292175469783022
Matt Rhule,00-0034869,Sam Darnold,2021,2021,1,3,-0.3640929493432402,1,-0.4338997695852534,2,0.0476728925745587,0.4117658419177989
Steve Wilks,00-0034869,Sam Darnold,2022,2022,1,4,-0.3815446544037435,0,,2,0.0476728925745587,0.4292175469783022
Wes Phillips,00-0034869,Sam Darnold,2024,2024,1,4,-0.3815446544037435,1,0.0244959677419355,1,0.0708498174071819,0.4523944718109254
Brian Daboll,00-0035710,Daniel Jones,2022,2024,3,3,-0.3015929493432402,3,-0.2079067845241129,1,0.2432459677419355,0.5448389170851757
Freddie Kitchens,00-0035710,Daniel Jones,2021,2021,1,2,-0.2164654468315401,1,-0.4718479543666405,4,-0.0951185964576008,0.1213468503739392
Jason Garrett (fired after week 11),00-0035710,Daniel Jones,2021,2021,1,2,-0.2164654468315401,1,-0.4718479543666405,4,-0.0951185964576008,0.1213468503739392
Mike Kafka,00-0035710,Daniel Jones,2022,2024,3,3,-0.3015929493432402,3,-0.2079067845241129,1,0.2432459677419355,0.5448389170851757
Brandon Staley; fired on December 15,00-0036355,Justin Herbert,2023,2023,1,3,0.2400737173234264,1,-0.2463997695852534,2,-0.0480352919935427,-0.2881090093169691
Giff Smith,00-0036355,Justin Herbert,2023,2023,1,3,0.2400737173234264,1,-0.2463997695852534,2,-0.0480352919935427,-0.2881090093169691
Kellen Moore,00-0036355,Justin Herbert,2023,2023,1,3,0.2400737173234264,1,-0.2463997695852534,2,-0.0480352919935427,-0.2881090093169691
Brian Johnson,00-0036389,Jalen Hurts,2023,2023,1,2,0.3325337973726783,1,0.2848502304147465,2,0.1394647080064573,-0.193069089366221
Kellen Moore,00-0036389,Jalen Hurts,2024,2024,1,3,0.3166392750533677,1,0.2988535146846413,1,-0.0199240986717267,-0.3365633737250944
