coach,qb_id,qb_name,n_seasons_with_coach,avg_pctile_with_coach,n_seasons_elsewhere,avg_pctile_elsewhere,delta
Brian Billick,00-0001335,Jeff Blake,1,0.3125,1,0.03125,0.28125
Dave McGinnis,00-0001335,Jeff Blake,1,0.03125,1,0.3125,-0.28125
Bill Parcells,00-0001361,Drew Bledsoe,1,0.5625,1,0.71875,-0.15625
Gregg Williams,00-0001361,Drew Bledsoe,1,0.71875,1,0.5625,0.15625
Bobby Petrino,00-0002110,Mark Brunell,1,0.032258064516129,4,0.390625,-0.358366935483871
Don Breaux,00-0002110,Mark Brunell,3,0.5104166666666666,2,0.0317540322580645,0.47866263440860213
Tom Coughlin,00-0002110,Mark Brunell,1,0.03125,4,0.39087701612903225,-0.35962701612903225
Jim Fassel,00-0003292,Kerry Collins,2,0.4758064516129032,2,0.5,-0.024193548387096808
Jimmy Raye,00-0003292,Kerry Collins,2,0.5,2,0.4758064516129032,0.024193548387096808
Mike Tice,00-0003739,Daunte Culpepper,3,0.9166666666666666,1,0.4193548387096774,0.49731182795698925
Sherman Lewis,00-0003739,Daunte Culpepper,1,0.4193548387096774,3,0.9166666666666666,-0.49731182795698925
Dan Henning,00-0004161,Jake Delhomme,4,0.5234375,2,0.5625,-0.0390625
Jeff Davidson,00-0004161,Jake Delhomme,2,0.5625,4,0.5234375,0.0390625
Brad Childress,00-0005106,Brett Favre,2,0.46875,7,0.664602534562212,-0.19585253456221197
Brian Schottenheimer,00-0005106,Brett Favre,1,0.625,8,0.6205897177419355,0.004410282258064502
Jeff Jagodzinski,00-0005106,Brett Favre,1,0.375,8,0.6518397177419355,-0.2768397177419355
Mike Sherman,00-0005106,Brett Favre,1,0.8709677419354839,8,0.58984375,0.2811239919354839
Tom Rossley,00-0005106,Brett Favre,4,0.6953125,5,0.5616935483870968,0.13361895161290316
Chan Gailey,00-0005180,Jay Fiedler,1,0.6451612903225806,2,0.484375,0.16078629032258063
Dave Wannstedt,00-0005180,Jay Fiedler,2,0.484375,1,0.6451612903225806,-0.16078629032258063
Brad Childress,00-0005589,Gus Frerotte,1,0.34375,1,0.5,-0.15625
Nick Saban,00-0005589,Gus Frerotte,1,0.5,1,0.34375,0.15625
Bill Muir,00-0005755,Jeff Garcia,2,0.53125,4,0.6872479838709677,-0.15599798387096775
Dennis Erickson,00-0005755,Jeff Garcia,1,0.71875,5,0.6185483870967742,0.10020161290322582
Greg Knapp,00-0005755,Jeff Garcia,2,0.9526209677419355,4,0.4765625,0.4760584677419355
Rob Chudzinski,00-0005755,Jeff Garcia,1,0.125,5,0.7372983870967742,-0.6122983870967742
Al Saunders,00-0006355,Trent Green,5,0.942741935483871,1,0.65625,0.286491935483871
Herm Edwards,00-0006355,Trent Green,1,0.65625,5,0.942741935483871,-0.286491935483871
Bill Muir,00-0006423,Brian Griese,1,0.28125,2,0.6950604838709677,-0.41381048387096775
Gary Kubiak,00-0006423,Brian Griese,2,0.6950604838709677,1,0.28125,0.41381048387096775
Chris Palmer,00-0007091,Matt Hasselbeck,1,0.4375,8,0.49105342741935487,-0.05355342741935487
Chuck Pagano,00-0007091,Matt Hasselbeck,1,0.125,8,0.5301159274193549,-0.40511592741935487
Gil Haskell,00-0007091,Matt Hasselbeck,5,0.6919354838709678,4,0.2265625,0.4653729838709678
Greg Knapp,00-0007091,Matt Hasselbeck,1,0.25,8,0.5144909274193549,-0.26449092741935487
Jeremy Bates,00-0007091,Matt Hasselbeck,1,0.09375,8,0.5340221774193549,-0.44027217741935487
Bill Muir,00-0008442,Brad Johnson,2,0.4375,3,0.3709677419354838,0.06653225806451618
Brad Childress,00-0008442,Brad Johnson,1,0.125,4,0.4657258064516129,-0.3407258064516129
Clyde Christensen,00-0008442,Brad Johnson,1,0.6129032258064516,4,0.34375,0.2691532258064516
Mike Tice,00-0008442,Brad Johnson,1,0.375,4,0.4032258064516129,-0.028225806451612878
Bob Bratkowski,00-0009311,Jon Kitna,3,0.46102150537634407,3,0.375,0.08602150537634407
Jason Garrett,00-0009311,Jon Kitna,1,0.59375,5,0.38286290322580646,0.21088709677419354
Mike Martz,00-0009311,Jon Kitna,2,0.265625,4,0.49420362903225806,-0.22857862903225806
Adam Gase,00-0010346,Peyton Manning,2,0.921875,9,0.8291890681003584,0.09268593189964158
Clyde Christensen,00-0010346,Peyton Manning,1,0.90625,10,0.8400201612903226,0.06622983870967736
Gary Kubiak,00-0010346,Peyton Manning,1,0.25,10,0.9056451612903226,-0.6556451612903226
Jim Caldwell,00-0010346,Peyton Manning,1,0.96875,10,0.8337701612903226,0.13497983870967745
Jim E. Mora,00-0010346,Peyton Manning,1,0.8064516129032258,10,0.85,-0.04354838709677422
John Fox,00-0010346,Peyton Manning,1,0.9375,10,0.8368951612903226,0.1006048387096774
Tom Moore,00-0010346,Peyton Manning,4,0.8984375,7,0.8161002304147466,0.08233726958525345
Andy Reid,00-0011022,Donovan McNabb,9,0.6476254480286738,1,0.25,0.39762544802867383
Kyle Shanahan,00-0011022,Donovan McNabb,1,0.25,9,0.6476254480286738,-0.39762544802867383
Brian Billick,00-0011024,Steve McNair,1,0.625,5,0.6173387096774194,0.007661290322580561
Mike Heimerdinger,00-0011024,Steve McNair,4,0.7326108870967742,2,0.390625,0.34198588709677424
Norm Chow,00-0011024,Steve McNair,1,0.15625,5,0.7110887096774194,-0.5548387096774194
Dave McGinnis,00-0013042,Jake Plummer,2,0.3996975806451613,4,0.75,-0.3503024193548387
Gary Kubiak,00-0013042,Jake Plummer,3,0.8229166666666666,3,0.4435483870967742,0.37936827956989244
Rick Dennison,00-0013042,Jake Plummer,1,0.53125,5,0.6536290322580645,-0.12237903225806446
Bill Cowher,00-0015700,Kordell Stewart,1,0.9032258064516128,1,0.28125,0.6219758064516128
Dick Jauron,00-0015700,Kordell Stewart,1,0.28125,1,0.9032258064516128,-0.6219758064516128
Herman Edwards,00-0016193,Vinny Testaverde,1,0.5483870967741935,1,0.28125,0.2671370967741935
Jeff Davidson,00-0016193,Vinny Testaverde,1,0.28125,1,0.5483870967741935,-0.2671370967741935
Bobby Jackson,00-0017200,Kurt Warner,1,1.0,4,0.515625,0.484375
Dennis Green,00-0017200,Kurt Warner,1,0.40625,4,0.6640625,-0.2578125
Ken Whisenhunt,00-0017200,Kurt Warner,2,0.484375,3,0.6979166666666666,-0.21354166666666663
Todd Haley,00-0017200,Kurt Warner,1,0.6875,4,0.59375,0.09375
Brian Schottenheimer,00-0019559,Chad Pennington,2,0.453125,4,0.75,-0.296875
Dan Henning,00-0019559,Chad Pennington,1,0.8125,5,0.61875,0.19374999999999998
Herman Edwards,00-0019559,Chad Pennington,3,0.7291666666666666,3,0.5729166666666666,0.15625
Bill Belichick,00-0019596,Tom Brady,18,0.8327732974910395,3,0.7604166666666666,0.07235663082437283
Bruce Arians,00-0019596,Tom Brady,2,0.9375,19,0.8103247028862479,0.12717529711375208
Byron Leftwich,00-0019596,Tom Brady,1,0.40625,20,0.8432459677419356,-0.4369959677419356
Greg Olson,00-0019599,Marc Bulger,2,0.4375,1,0.03125,0.40625
Pat Shurmur,00-0019599,Marc Bulger,1,0.03125,2,0.4375,-0.40625
Andy Reid,00-0020245,Michael Vick,3,0.625,3,0.4791666666666667,0.14583333333333331
Greg Knapp,00-0020245,Michael Vick,3,0.4791666666666667,3,0.625,-0.14583333333333331
Aaron Kromer,00-0020531,Drew Brees,1,0.8125,18,0.8489583333333334,-0.03645833333333337
Cam Cameron,00-0020531,Drew Brees,4,0.7421875,15,0.875,-0.1328125
Doug Marrone,00-0020531,Drew Brees,3,0.8854166666666666,16,0.83984375,0.04557291666666663
Pete Carmichael,00-0020531,Drew Brees,6,0.890625,13,0.8269230769230769,0.06370192307692313
Pete Carmichael Jr.,00-0020531,Drew Brees,1,0.75,18,0.8524305555555556,-0.10243055555555558
"Pete Carmichael, Jr.",00-0020531,Drew Brees,4,0.890625,15,0.8354166666666667,0.055208333333333304
Bruce Coslet,00-0020562,Chad Hutchinson,1,0.09375,1,0.03125,0.0625
Lovie Smith,00-0020562,Chad Hutchinson,1,0.03125,1,0.09375,-0.0625
Chris Palmer,00-0020608,David Carr,4,0.2890625,1,0.40625,-0.1171875
Gary Kubiak,00-0020608,David Carr,1,0.40625,4,0.2890625,0.1171875
Brian Schottenheimer,00-0020679,Shaun Hill,1,0.125,2,0.3125,-0.1875
Jim Schwartz,00-0020679,Shaun Hill,1,0.375,2,0.1875,0.1875
Mike Martz,00-0020679,Shaun Hill,1,0.25,2,0.25,0.0
Bobby Petrino,00-0021141,Joey Harrington,1,0.0625,5,0.19375,-0.13125
Dick Jauron,00-0021141,Joey Harrington,1,0.25,5,0.15625,0.09375
Marty Mornhinweg,00-0021141,Joey Harrington,1,0.15625,5,0.175,-0.01874999999999999
Mike Mularkey,00-0021141,Joey Harrington,1,0.1875,5,0.16875,0.01874999999999999
Sherman Lewis,00-0021141,Joey Harrington,2,0.1875,4,0.1640625,0.0234375
Alex Wood,00-0021206,Josh McCown,1,0.21875,4,0.21875,0.0
Greg Knapp,00-0021206,Josh McCown,1,0.25,4,0.2109375,0.0390625
Jeff Tedford,00-0021206,Josh McCown,1,0.15625,4,0.234375,-0.078125
John DeFilippo,00-0021206,Josh McCown,1,0.1875,4,0.2265625,-0.0390625
John Morton,00-0021206,Josh McCown,1,0.28125,4,0.203125,0.078125
Carl Smith,00-0021231,David Garrard,1,0.75,3,0.7083333333333334,0.04166666666666663
Dirk Koetter,00-0021231,David Garrard,3,0.7083333333333334,1,0.75,-0.04166666666666663
Al Saunders,00-0021429,Carson Palmer,1,0.59375,11,0.5397727272727273,0.05397727272727271
Bob Bratkowski,00-0021429,Carson Palmer,6,0.6302083333333334,6,0.4583333333333333,0.17187500000000006
Bruce Arians,00-0021429,Carson Palmer,4,0.4765625,8,0.578125,-0.1015625
Dennis Allen,00-0021429,Carson Palmer,1,0.25,11,0.5710227272727273,-0.3210227272727273
Bill Callahan,00-0021678,Tony Romo,2,0.71875,4,0.859375,-0.140625
Bill Parcells,00-0021678,Tony Romo,1,0.90625,5,0.79375,0.11250000000000004
Jason Garrett,00-0021678,Tony Romo,3,0.84375,3,0.78125,0.0625
Kyle Shanahan,00-0022121,Rex Grossman,1,0.375,2,0.328125,0.046875
Lovie Smith,00-0022121,Rex Grossman,2,0.328125,1,0.375,-0.046875
Bill Musgrave,00-0022177,Byron Leftwich,2,0.5,1,0.71875,-0.21875
Carl Smith,00-0022177,Byron Leftwich,1,0.71875,2,0.5,0.21875
Ben McAdoo,00-0022803,Eli Manning,4,0.390625,9,0.59375,-0.203125
John Hufnagel,00-0022803,Eli Manning,1,0.59375,12,0.5260416666666666,0.06770833333333337
Kevin Gilbride,00-0022803,Eli Manning,7,0.6071428571428571,6,0.4427083333333333,0.16443452380952378
Mike Shula,00-0022803,Eli Manning,1,0.5,12,0.5338541666666666,-0.03385416666666663
Bill Cowher,00-0022924,Ben Roethlisberger,3,0.75,14,0.6919642857142857,0.0580357142857143
Bruce Arians,00-0022924,Ben Roethlisberger,5,0.7,12,0.703125,-0.0031250000000000444
Matt Canada,00-0022924,Ben Roethlisberger,1,0.3125,16,0.7265625,-0.4140625
Mike Tomlin,00-0022924,Ben Roethlisberger,8,0.734375,9,0.6736111111111112,0.06076388888888884
Anthony Lynn,00-0022942,Philip Rivers,3,0.8541666666666666,12,0.7473958333333334,0.10677083333333326
Cam Cameron,00-0022942,Philip Rivers,1,0.96875,14,0.7544642857142857,0.2142857142857143
Clarence Shelmon,00-0022942,Philip Rivers,5,0.875,10,0.715625,0.15937500000000004
Frank Reich,00-0022942,Philip Rivers,3,0.6041666666666666,12,0.8098958333333334,-0.20572916666666674
Hal Hunter,00-0022942,Philip Rivers,1,0.3125,14,0.8013392857142857,-0.4888392857142857
Ken Whisenhunt,00-0022942,Philip Rivers,2,0.75,13,0.7716346153846154,-0.02163461538461542
Andy Reid,00-0023436,Alex Smith,5,0.7125,9,0.3020833333333333,0.4104166666666667
Greg Roman,00-0023436,Alex Smith,2,0.703125,12,0.40625,0.296875
Jay Gruden,00-0023436,Alex Smith,1,0.21875,13,0.46634615384615385,-0.24759615384615385
Jim Hostler,00-0023436,Alex Smith,1,0.03125,13,0.4807692307692308,-0.4495192307692308
Jim Tomsula,00-0023436,Alex Smith,1,0.34375,13,0.4567307692307692,-0.11298076923076922
Jimmy Raye,00-0023436,Alex Smith,1,0.3125,13,0.45913461538461536,-0.14663461538461536
Mike McCarthy,00-0023436,Alex Smith,1,0.03125,13,0.4807692307692308,-0.4495192307692308
Mike Nolan,00-0023436,Alex Smith,1,0.21875,13,0.46634615384615385,-0.24759615384615385
Ron Rivera,00-0023436,Alex Smith,1,0.15625,13,0.47115384615384615,-0.31490384615384615
Adam Stenavich,00-0023459,Aaron Rodgers,1,0.6875,15,0.80625,-0.11875000000000002
Arthur Smith,00-0023459,Aaron Rodgers,1,0.46875,15,0.8208333333333333,-0.3520833333333333
Edgar Bennett,00-0023459,Aaron Rodgers,2,0.75,14,0.8058035714285714,-0.0558035714285714
Jeff Ulbrich,00-0023459,Aaron Rodgers,1,0.5,15,0.81875,-0.31875
Joe Philbin,00-0023459,Aaron Rodgers,5,0.8375,11,0.78125,0.05625000000000002
Matt LaFleur,00-0023459,Aaron Rodgers,3,0.9166666666666666,13,0.7716346153846154,0.1450320512820512
Mike McCarthy,00-0023459,Aaron Rodgers,3,0.8958333333333334,13,0.7764423076923077,0.11939102564102566
Hue Jackson,00-0023460,Jason Campbell,1,0.53125,3,0.3333333333333333,0.19791666666666669
Norv Turner,00-0023460,Jason Campbell,1,0.21875,3,0.4375,-0.21875
Sherman Smith,00-0023460,Jason Campbell,2,0.390625,2,0.375,0.015625
Doug Marrone,00-0023541,Kyle Orton,1,0.21875,4,0.28125,-0.0625
Josh McDaniels,00-0023541,Kyle Orton,1,0.4375,4,0.2265625,0.2109375
Josh McDaniels {{small|(fired December 6)}},00-0023541,Kyle Orton,1,0.4375,4,0.2265625,0.2109375
Lovie Smith,00-0023541,Kyle Orton,2,0.125,3,0.3645833333333333,-0.23958333333333331
Ken Whisenhunt,00-0023645,Derek Anderson,1,0.0625,2,0.359375,-0.296875
Rob Chudzinski,00-0023645,Derek Anderson,2,0.359375,1,0.0625,0.296875
Bill Belichick,00-0023662,Matt Cassel,1,0.90625,5,0.275,0.63125
Bill Muir,00-0023662,Matt Cassel,1,0.1875,5,0.41875,-0.23125
Brian Daboll,00-0023662,Matt Cassel,1,0.0625,5,0.44375,-0.38125
Charlie Weis,00-0023662,Matt Cassel,1,0.6875,5,0.31875,0.36875
Jason Garrett,00-0023662,Matt Cassel,1,0.21875,5,0.4125,-0.19374999999999998
Todd Haley,00-0023662,Matt Cassel,1,0.21875,5,0.4125,-0.19374999999999998
Alex Van Pelt,00-0023682,Ryan Fitzpatrick,1,0.1875,9,0.3541666666666667,-0.16666666666666669
Bill O'Brien,00-0023682,Ryan Fitzpatrick,1,0.34375,9,0.3368055555555556,0.00694444444444442
Bob Bratkowski,00-0023682,Ryan Fitzpatrick,1,0.0625,9,0.3680555555555556,-0.3055555555555556
Brian Flores,00-0023682,Ryan Fitzpatrick,1,0.21875,9,0.3506944444444444,-0.13194444444444442
Chan Gailey,00-0023682,Ryan Fitzpatrick,5,0.4,5,0.275,0.125
Dowell Loggains,00-0023682,Ryan Fitzpatrick,1,0.5625,9,0.3125,0.25
Mike Heimerdinger,00-0024218,Vince Young,2,0.546875,2,0.34375,0.203125
Norm Chow,00-0024218,Vince Young,2,0.34375,2,0.546875,-0.203125
Aaron Kromer,00-0024226,Jay Cutler,2,0.59375,8,0.38671875,0.20703125
Adam Gase,00-0024226,Jay Cutler,2,0.28125,8,0.46484375,-0.18359375
Lovie Smith,00-0024226,Jay Cutler,4,0.2421875,6,0.5520833333333334,-0.30989583333333337
Rick Dennison,00-0024226,Jay Cutler,2,0.78125,8,0.33984375,0.44140625
Brad Childress,00-0024279,Tarvaris Jackson,1,0.53125,1,0.34375,0.1875
Darrell Bevell,00-0024279,Tarvaris Jackson,1,0.34375,1,0.53125,-0.1875
Greg Knapp,00-0025388,JaMarcus Russell,1,0.15625,1,0.0625,0.09375
Tom Cable,00-0025388,JaMarcus Russell,1,0.0625,1,0.15625,-0.09375
Arthur Smith,00-0026143,Matt Ryan,1,0.1875,14,0.6540178571428571,-0.4665178571428571
Dan Quinn,00-0026143,Matt Ryan,6,0.703125,9,0.5694444444444444,0.13368055555555558
Dirk Koetter,00-0026143,Matt Ryan,3,0.6458333333333334,12,0.6171875,0.02864583333333337
Jeff Saturday,00-0026143,Matt Ryan,1,0.0625,14,0.6629464285714286,-0.6004464285714286
Mike Mularkey,00-0026143,Matt Ryan,4,0.734375,11,0.5823863636363636,0.15198863636363635
Cam Cameron,00-0026158,Joe Flacco,5,0.6375,8,0.36328125,0.27421874999999996
Gary Kubiak,00-0026158,Joe Flacco,1,0.8125,12,0.4401041666666667,0.3723958333333333
Greg Roman,00-0026158,Joe Flacco,1,0.5625,12,0.4609375,0.1015625
Jim Bob Cooter,00-0026158,Joe Flacco,1,0.28125,12,0.484375,-0.203125
Jim Caldwell,00-0026158,Joe Flacco,1,0.15625,12,0.4947916666666667,-0.3385416666666667
John Harbaugh,00-0026158,Joe Flacco,3,0.2604166666666667,10,0.53125,-0.2708333333333333
Rich Scangarello,00-0026158,Joe Flacco,1,0.3125,12,0.4817708333333333,-0.16927083333333331
Dan Henning,00-0026197,Chad Henne,2,0.421875,1,0.03125,0.390625
Gus Bradley,00-0026197,Chad Henne,1,0.03125,2,0.421875,-0.390625
Darrell Bevell,00-0026498,Matthew Stafford,2,0.375,14,0.5267857142857143,-0.1517857142857143
Jim Bob Cooter,00-0026498,Matthew Stafford,4,0.4921875,12,0.5130208333333334,-0.02083333333333337
Jim Caldwell,00-0026498,Matthew Stafford,1,0.53125,15,0.50625,0.025000000000000022
Jim Schwartz,00-0026498,Matthew Stafford,4,0.421875,12,0.5364583333333334,-0.11458333333333337
Kevin O'Connell,00-0026498,Matthew Stafford,1,0.78125,15,0.4895833333333333,0.2916666666666667
Liam Coen,00-0026498,Matthew Stafford,1,0.125,15,0.5333333333333333,-0.4083333333333333
Mike LaFleur,00-0026498,Matthew Stafford,3,0.7604166666666666,13,0.4495192307692308,0.31089743589743585
Bill O'Brien,00-0026625,Brian Hoyer,1,0.3125,2,0.390625,-0.078125
Kyle Shanahan,00-0026625,Brian Hoyer,2,0.390625,1,0.3125,0.078125
Brian Schottenheimer,00-0026898,Mark Sanchez,3,0.375,2,0.359375,0.015625
Chip Kelly,00-0026898,Mark Sanchez,1,0.59375,4,0.3125,0.28125
Rex Ryan,00-0026898,Mark Sanchez,1,0.125,4,0.4296875,-0.3046875
Greg Olson,00-0026993,Josh Freeman,3,0.3645833333333333,1,0.5625,-0.19791666666666669
Greg Schiano,00-0026993,Josh Freeman,1,0.5625,3,0.3645833333333333,0.19791666666666669
Brian Daboll,00-0027688,Colt McCoy,1,0.28125,1,0.21875,0.0625
Pat Shurmur,00-0027688,Colt McCoy,1,0.21875,1,0.28125,-0.0625
Brian Schottenheimer,00-0027854,Sam Bradford,1,0.375,4,0.2265625,0.1484375
Chip Kelly {{small|(fired on December 29)}},00-0027854,Sam Bradford,1,0.34375,4,0.234375,0.109375
Josh McDaniels,00-0027854,Sam Bradford,1,0.03125,4,0.3125,-0.28125
Mike Zimmer,00-0027854,Sam Bradford,1,0.34375,4,0.234375,0.109375
Pat Shurmur,00-0027854,Sam Bradford,1,0.1875,4,0.2734375,-0.0859375
Bill Belichick,00-0027939,Cam Newton,1,0.34375,8,0.67578125,-0.33203125
Mike Shula,00-0027939,Cam Newton,5,0.60625,4,0.6796875,-0.07343750000000004
Norv Turner,00-0027939,Cam Newton,1,0.75,8,0.625,0.125
Rob Chudzinski,00-0027939,Cam Newton,2,0.8125,7,0.5892857142857143,0.2232142857142857
Bob Bratkowski,00-0027948,Blaine Gabbert,1,0.09375,2,0.078125,0.015625
Dirk Koetter,00-0027948,Blaine Gabbert,1,0.0625,2,0.09375,-0.03125
Geep Chryst,00-0027948,Blaine Gabbert,1,0.09375,2,0.078125,0.015625
Bill Lazor,00-0027973,Andy Dalton,2,0.359375,10,0.471875,-0.11249999999999999
Brad Idzik,00-0027973,Andy Dalton,1,0.3125,11,0.4659090909090909,-0.15340909090909088
Brian Callahan,00-0027973,Andy Dalton,1,0.125,11,0.48295454545454547,-0.35795454545454547
Dennis Allen,00-0027973,Andy Dalton,1,0.375,11,0.4602272727272727,-0.08522727272727271
Hue Jackson,00-0027973,Andy Dalton,2,0.65625,10,0.4125,0.24375000000000002
Jay Gruden,00-0027973,Andy Dalton,3,0.5416666666666666,9,0.4236111111111111,0.11805555555555552
Kellen Moore,00-0027973,Andy Dalton,1,0.25,11,0.4715909090909091,-0.22159090909090912
Ken Zampese,00-0027973,Andy Dalton,1,0.71875,11,0.4289772727272727,0.2897727272727273
Chip Kelly,00-0027974,Colin Kaepernick,1,0.0625,2,0.53125,-0.46875
Greg Roman,00-0027974,Colin Kaepernick,2,0.53125,1,0.0625,0.46875
Aaron Glenn,00-0028118,Tyrod Taylor,1,0.125,3,0.59375,-0.46875
Anthony Lynn,00-0028118,Tyrod Taylor,1,0.78125,3,0.375,0.40625
Greg Roman,00-0028118,Tyrod Taylor,1,0.6875,3,0.40625,0.28125
Rick Dennison,00-0028118,Tyrod Taylor,1,0.3125,3,0.53125,-0.21875
Bill Callahan,00-0028986,Case Keenum,1,0.09375,3,0.375,-0.28125
Bill Musgrave,00-0028986,Case Keenum,1,0.34375,3,0.2916666666666667,0.052083333333333315
Jeff Fisher (Fired Week 14),00-0028986,Case Keenum,1,0.03125,3,0.3958333333333333,-0.3645833333333333
Mike Zimmer,00-0028986,Case Keenum,1,0.75,3,0.15625,0.59375
Arthur Smith,00-0029263,Russell Wilson,1,0.40625,12,0.6796875,-0.2734375
Brian Schottenheimer,00-0029263,Russell Wilson,3,0.7604166666666666,10,0.628125,0.13229166666666659
Darrell Bevell,00-0029263,Russell Wilson,6,0.78125,7,0.5535714285714286,0.2276785714285714
Jerry Rosburg,00-0029263,Russell Wilson,1,0.1875,12,0.6979166666666666,-0.5104166666666666
Joe Lombardi,00-0029263,Russell Wilson,1,0.40625,12,0.6796875,-0.2734375
Shane Waldron,00-0029263,Russell Wilson,1,0.59375,12,0.6640625,-0.0703125
Chip Kelly,00-0029567,Nick Foles,1,0.90625,1,0.03125,0.875
Rob Boras,00-0029567,Nick Foles,1,0.03125,1,0.90625,-0.875
Gary Kubiak,00-0029604,Kirk Cousins,1,0.71875,9,0.5555555555555556,0.16319444444444442
Jay Gruden,00-0029604,Kirk Cousins,3,0.65625,7,0.5357142857142857,0.1205357142857143
Kevin O'Connell,00-0029604,Kirk Cousins,2,0.5,8,0.58984375,-0.08984375
Kevin Stefanski,00-0029604,Kirk Cousins,2,0.46875,8,0.59765625,-0.12890625
Klint Kubiak,00-0029604,Kirk Cousins,1,0.46875,9,0.5833333333333334,-0.11458333333333337
Raheem Morris,00-0029604,Kirk Cousins,1,0.625,9,0.5659722222222222,0.05902777777777779
Jay Gruden,00-0029665,Robert Griffin,1,0.28125,2,0.640625,-0.359375
Kyle Shanahan,00-0029665,Robert Griffin,2,0.640625,1,0.28125,0.359375
Bruce Arians,00-0029668,Andrew Luck,1,0.625,4,0.703125,-0.078125
Chuck Pagano,00-0029668,Andrew Luck,3,0.6979166666666666,2,0.671875,0.02604166666666663
Frank Reich,00-0029668,Andrew Luck,1,0.71875,4,0.6796875,0.0390625
Adam Gase,00-0029701,Ryan Tannehill,2,0.328125,8,0.546875,-0.21875
Arthur Smith,00-0029701,Ryan Tannehill,2,0.90625,8,0.40234375,0.50390625
Bill Lazor,00-0029701,Ryan Tannehill,1,0.6875,9,0.4826388888888889,0.2048611111111111
Dan Campbell,00-0029701,Ryan Tannehill,1,0.40625,9,0.5138888888888888,-0.10763888888888884
Joe Philbin,00-0029701,Ryan Tannehill,2,0.328125,8,0.546875,-0.21875
Mike Vrabel,00-0029701,Ryan Tannehill,2,0.40625,8,0.52734375,-0.12109375
Doug Marrone,00-0030520,Mike Glennon,1,0.1875,1,0.1875,0.0
Greg Schiano,00-0030520,Mike Glennon,1,0.1875,1,0.1875,0.0
Greg Olson,00-0030565,Geno Smith,1,0.03125,5,0.41875,-0.3875
Marty Mornhinweg,00-0030565,Geno Smith,2,0.15625,4,0.453125,-0.296875
Mike Macdonald,00-0030565,Geno Smith,1,0.46875,5,0.33125,0.1375
Shane Waldron,00-0030565,Geno Smith,2,0.65625,4,0.203125,0.453125
Joe Brady,00-0031237,Teddy Bridgewater,1,0.4375,3,0.5104166666666666,-0.07291666666666663
Mike Zimmer,00-0031237,Teddy Bridgewater,2,0.5,2,0.484375,0.015625
Pat Shurmur,00-0031237,Teddy Bridgewater,1,0.53125,3,0.4791666666666667,0.052083333333333315
Bill Musgrave,00-0031280,Derek Carr,2,0.53125,9,0.4236111111111111,0.1076388888888889
Darren Rizzi,00-0031280,Derek Carr,1,0.25,10,0.4625,-0.21250000000000002
Dennis Allen,00-0031280,Derek Carr,2,0.3125,9,0.4722222222222222,-0.1597222222222222
Greg Olson,00-0031280,Derek Carr,4,0.4921875,7,0.41517857142857145,0.07700892857142855
Jack Del Rio,00-0031280,Derek Carr,1,0.5,10,0.4375,0.0625
Josh McDaniels,00-0031280,Derek Carr,1,0.46875,10,0.440625,0.02812500000000001
Doug Marrone,00-0031407,Blake Bortles,3,0.34375,2,0.171875,0.171875
Greg Olson,00-0031407,Blake Bortles,1,0.28125,4,0.2734375,0.0078125
Gus Bradley,00-0031407,Blake Bortles,1,0.0625,4,0.328125,-0.265625
Bruce Arians,00-0031503,Jameis Winston,1,0.46875,6,0.4427083333333333,0.026041666666666685
Dirk Koetter,00-0031503,Jameis Winston,4,0.59375,3,0.25,0.34375
Ken Dorsey,00-0031503,Jameis Winston,1,0.03125,6,0.515625,-0.484375
Pete Carmichael,00-0031503,Jameis Winston,1,0.25,6,0.4791666666666667,-0.22916666666666669
Gary Kubiak,00-0032156,Trevor Siemian,1,0.1875,1,0.125,0.0625
"Mike McCoy (fired November 20, 2017)",00-0032156,Trevor Siemian,1,0.125,1,0.1875,-0.0625
Arthur Smith,00-0032268,Marcus Mariota,1,0.4375,4,0.328125,0.109375
Jason Michael,00-0032268,Marcus Mariota,1,0.0625,4,0.421875,-0.359375
Matt LaFleur,00-0032268,Marcus Mariota,1,0.28125,4,0.3671875,-0.0859375
Mike Mularkey,00-0032268,Marcus Mariota,2,0.484375,3,0.2604166666666667,0.22395833333333331
Doug Pederson,00-0032950,Carson Wentz,5,0.4875,1,0.625,-0.1375
Frank Reich,00-0032950,Carson Wentz,1,0.625,5,0.4875,0.1375
Brian Schottenheimer,00-0033077,Dak Prescott,3,0.6666666666666666,6,0.75,-0.08333333333333337
Jason Garrett,00-0033077,Dak Prescott,4,0.7421875,5,0.70625,0.035937499999999956
Kellen Moore,00-0033077,Dak Prescott,2,0.765625,7,0.7098214285714286,0.0558035714285714
Anthony Lynn,00-0033106,Jared Goff,1,0.28125,8,0.73046875,-0.44921875
Ben Johnson,00-0033106,Jared Goff,3,0.8541666666666666,6,0.59375,0.26041666666666663
Dan Campbell,00-0033106,Jared Goff,1,0.75,8,0.671875,0.078125
Jedd Fisch,00-0033106,Jared Goff,1,0.4375,8,0.7109375,-0.2734375
Kevin O'Connell,00-0033106,Jared Goff,1,0.3125,8,0.7265625,-0.4140625
Matt LaFleur,00-0033106,Jared Goff,1,0.84375,8,0.66015625,0.18359375
Sean McVay,00-0033106,Jared Goff,1,0.9375,8,0.6484375,0.2890625
Alex Van Pelt,00-0033119,Jacoby Brissett,1,0.625,3,0.34375,0.28125
Chuck Pagano,00-0033119,Jacoby Brissett,1,0.21875,3,0.4791666666666667,-0.2604166666666667
Drew Petzing,00-0033119,Jacoby Brissett,1,0.28125,3,0.4583333333333333,-0.17708333333333331
Frank Reich,00-0033119,Jacoby Brissett,1,0.53125,3,0.375,0.15625
Alex Van Pelt,00-0033537,Deshaun Watson,1,0.15625,3,0.6666666666666666,-0.5104166666666666
Bill O'Brien,00-0033537,Deshaun Watson,3,0.6666666666666666,1,0.15625,0.5104166666666666
Bill Lazor,00-0033869,Mitch Trubisky,1,0.28125,3,0.3229166666666667,-0.041666666666666685
Dowell Loggains,00-0033869,Mitch Trubisky,1,0.15625,3,0.3645833333333333,-0.20833333333333331
Mark Helfrich,00-0033869,Mitch Trubisky,2,0.40625,2,0.21875,0.1875
Brian Callahan,00-0034771,Mason Rudolph,1,0.09375,1,0.0625,0.03125
Mike Tomlin,00-0034771,Mason Rudolph,1,0.0625,1,0.09375,-0.03125
Greg Roman,00-0034796,Lamar Jackson,4,0.703125,3,0.8020833333333334,-0.09895833333333337
John Harbaugh,00-0034796,Lamar Jackson,3,0.8020833333333334,4,0.703125,0.09895833333333337
Alex Van Pelt,00-0034855,Baker Mayfield,2,0.625,5,0.54375,0.08125000000000004
Dave Canales,00-0034855,Baker Mayfield,1,0.65625,6,0.5520833333333334,0.10416666666666663
Freddie Kitchens,00-0034855,Baker Mayfield,2,0.390625,5,0.6375,-0.24687499999999996
Josh Grizzard,00-0034855,Baker Mayfield,1,0.40625,6,0.59375,-0.1875
Liam Coen,00-0034855,Baker Mayfield,1,0.875,6,0.515625,0.359375
Brian Daboll,00-0034857,Josh Allen,4,0.5703125,4,0.953125,-0.3828125
Joe Brady,00-0034857,Josh Allen,3,0.9479166666666666,5,0.65,0.2979166666666666
Ken Dorsey,00-0034857,Josh Allen,1,0.96875,7,0.7321428571428571,0.2366071428571429
Adam Gase,00-0034869,Sam Darnold,2,0.03125,4,0.3671875,-0.3359375
Grant Udinski,00-0034869,Sam Darnold,1,0.59375,5,0.1875,0.40625
Jeff Nixon,00-0034869,Sam Darnold,1,0.09375,5,0.2875,-0.19374999999999998
Jeremy Bates,00-0034869,Sam Darnold,1,0.125,5,0.28125,-0.15625
Klint Kubiak,00-0034869,Sam Darnold,1,0.65625,5,0.175,0.48125
Drew Petzing,00-0035228,Kyler Murray,1,0.71875,4,0.5390625,0.1796875
Kliff Kingsbury,00-0035228,Kyler Murray,4,0.5390625,1,0.71875,-0.1796875
Antonio Pierce,00-0035289,Gardner Minshew,1,0.0625,2,0.40625,-0.34375
Doug Marrone,00-0035289,Gardner Minshew,1,0.28125,2,0.296875,-0.015625
Jim Bob Cooter,00-0035289,Gardner Minshew,1,0.53125,2,0.171875,0.359375
Brian Daboll,00-0035710,Daniel Jones,3,0.3229166666666667,4,0.296875,0.026041666666666685
Freddie Kitchens,00-0035710,Daniel Jones,1,0.03125,6,0.3541666666666667,-0.3229166666666667
Jason Garrett,00-0035710,Daniel Jones,1,0.09375,6,0.34375,-0.25
Jim Bob Cooter,00-0035710,Daniel Jones,1,0.8125,6,0.22395833333333334,0.5885416666666666
Mike Shula,00-0035710,Daniel Jones,1,0.25,6,0.3177083333333333,-0.06770833333333331
Brian Flores,00-0036212,Tua Tagovailoa,2,0.40625,4,0.578125,-0.171875
Frank Smith,00-0036212,Tua Tagovailoa,4,0.578125,2,0.40625,0.171875
Anthony Lynn,00-0036355,Justin Herbert,1,0.5625,5,0.5375,0.025000000000000022
Brandon Staley,00-0036355,Justin Herbert,2,0.71875,4,0.453125,0.265625
Brandon Staley; fired on December 15,00-0036355,Justin Herbert,1,0.28125,5,0.59375,-0.3125
Greg Roman,00-0036355,Justin Herbert,2,0.484375,4,0.5703125,-0.0859375
Brian Johnson,00-0036389,Jalen Hurts,1,0.8125,4,0.7421875,0.0703125
Kellen Moore,00-0036389,Jalen Hurts,1,0.84375,4,0.734375,0.109375
Kevin Patullo,00-0036389,Jalen Hurts,1,0.5,4,0.8203125,-0.3203125
Nick Sirianni,00-0036389,Jalen Hurts,2,0.8125,3,0.71875,0.09375
Brian Callahan,00-0036442,Joe Burrow,4,0.59375,2,0.625,-0.03125
Dan Pitcher,00-0036442,Joe Burrow,2,0.625,4,0.59375,0.03125
David Culley,00-0036898,Davis Mills,1,0.0625,1,0.03125,0.03125
Lovie Smith,00-0036898,Davis Mills,1,0.03125,1,0.0625,-0.03125
Bill Lazor,00-0036945,Justin Fields,1,0.125,2,0.34375,-0.21875
Luke Getsy,00-0036945,Justin Fields,2,0.34375,1,0.125,0.21875
Darrell Bevell,00-0036971,Trevor Lawrence,1,0.15625,4,0.5625,-0.40625
Doug Pederson,00-0036971,Trevor Lawrence,3,0.5520833333333334,2,0.375,0.17708333333333337
Grant Udinski,00-0036971,Trevor Lawrence,1,0.59375,4,0.453125,0.140625
Mike LaFleur,00-0037013,Zach Wilson,2,0.15625,1,0.03125,0.125
Nathaniel Hackett,00-0037013,Zach Wilson,1,0.03125,2,0.15625,-0.125
Klay Kubiak,00-0037834,Brock Purdy,1,0.84375,2,0.84375,0.0
Kyle Shanahan,00-0037834,Brock Purdy,2,0.84375,1,0.84375,0.0
Eddie Faulkner,00-0038102,Kenny Pickett,1,0.3125,1,0.65625,-0.34375
Matt Canada,00-0038102,Kenny Pickett,1,0.65625,1,0.3125,0.34375
Brad Idzik,00-0039150,Bryce Young,1,0.21875,1,0.125,0.09375
Chris Tabor,00-0039150,Bryce Young,1,0.125,1,0.21875,-0.09375
Bobby Slowik,00-0039163,C.J. Stroud,2,0.421875,1,0.34375,0.078125
DeMeco Ryans,00-0039163,C.J. Stroud,1,0.34375,2,0.421875,-0.078125
Alex Van Pelt,00-0039851,Drake Maye,1,0.1875,1,1.0,-0.8125
Josh McDaniels,00-0039851,Drake Maye,1,1.0,1,0.1875,0.8125
Ben Johnson,00-0039918,Caleb Williams,1,0.78125,1,0.21875,0.5625
Chris Beatty,00-0039918,Caleb Williams,1,0.21875,1,0.78125,-0.5625
