coach,n_picks,avg_reach_score,n_reaches,avg_av_vs_peers_on_reaches
Brian Flores,12,23.083333333333332,9,-2.621626191718524
Darrell Bevell,6,20.333333333333332,4,-3.7575885371938003
Pete Carroll,8,18.625,5,-0.9686642329066517
Kellen Moore,7,18.571428571428573,3,1.5977513882016603
Aaron Glenn,5,18.2,4,0.3453841201475417
Matt Patricia,11,18.09090909090909,7,-4.112693651333469
Josh McDaniels,8,14.375,6,-8.575966424682395
Chan Gailey,12,12.833333333333334,11,-11.06492405118853
Tony Sparano,10,12.8,6,7.846301077752691
Steve Spagnuolo,19,12.68421052631579,13,-4.71482226801968
Greg Schiano,6,11.666666666666666,4,3.469117647058824
Dave Canales,12,11.083333333333334,9,-0.26496134458309406
Rod Marinelli,7,10.714285714285714,3,-9.97214854111406
Tom Cable,7,10.714285714285714,5,-2.919383244704479
Matt Nagy,10,10.6,8,1.0025775637802714
Joe Judge,5,10.4,3,-1.4160784313725483
John Fassel,5,10.2,3,20.47286324786325
Mike Singletary,9,9.222222222222221,7,4.729615983787999
Matt Eberflus,7,8.857142857142858,5,-3.762751322751323
Kyle Shanahan,45,8.777777777777779,27,-0.694041149914657
Chip Kelly,14,8,6,-10.195843315634981
DeMeco Ryans,14,7.357142857142857,8,4.264077985528933
Raheem Morris,24,7.083333333333333,14,-1.7062191739864423
Brad Childress,12,7,8,11.001110058922558
Bill Belichick,67,6.17910447761194,39,-6.664019096096848
Jim Tomsula,6,6,3,-5.735185185185185
Romeo Crennel,13,5.769230769230769,8,-7.8539967556166665
Eric Mangini,19,5.526315789473684,11,-7.3659422633560565
Gary Kubiak,36,5.416666666666667,22,-6.052114039225351
Jack Del Rio,32,5.125,15,-12.163406445424304
Jay Gruden,32,4.96875,17,0.3391025545525047
Todd Haley,5,4.8,3,-8.748593991316257
Steve Wilks,7,4.428571428571429,4,-8.297831708037824
Brian Schottenheimer,6,4.166666666666667,3,-0.5285561497326203
Norv Turner,24,3.7916666666666665,13,-3.9314103955059445
Hue Jackson,24,3.625,11,-2.576040467469039
Doug Pederson,39,3.4358974358974357,20,-2.2391493441806203
Mike Nolan,8,3.125,3,-3.1628899835796385
Frank Reich,19,2.8421052631578947,8,1.077724403856345
Dick Jauron,12,2.75,6,-1.72273233589023
Dan Quinn,27,2.6296296296296298,17,1.6064861275202889
Lane Kiffin,7,2.5714285714285716,3,-17.707027540360873
Mike Mularkey,18,2.3333333333333335,12,-5.630831338060703
Sean McDermott,41,2.048780487804878,23,6.992653046814338
Doug Marrone,27,2.037037037037037,13,-4.497827422225785
Ron Rivera,46,1.8695652173913044,28,-2.726229772510362
Arthur Smith,9,1.7777777777777777,4,1.203869047619047
Sean McVay,37,1.3783783783783783,19,3.152927500357866
Kevin O'Connell,14,1.3571428571428572,7,-3.2068539410002828
Leslie Frazier,15,1.2666666666666666,9,-3.707929037345958
Ken Whisenhunt,22,1.0454545454545454,13,-5.042639942921052
Mike Vrabel,25,1,14,-4.011143374499902
Mike Smith,24,0.4583333333333333,8,19.4595666816312
John Fox,52,0.38461538461538464,25,-1.8398214574061993
Dirk Koetter,16,-0.125,8,-5.161546967952537
Mike McCoy,20,-0.15,9,5.129981010726139
Jim Caldwell,30,-0.2,13,-6.756798851524339
Todd Bowles,38,-0.2894736842105263,22,-3.308468227979119
Mike Tomlin,80,-0.4875,37,-2.5871773287956223
Vance Joseph,14,-0.5714285714285714,8,-3.951260520308028
Brian Daboll,12,-0.5833333333333334,5,0.8884942084942086
Mike Munchak,10,-0.6,5,-15.332575329496299
Bill O'Brien,32,-0.78125,15,-3.074901203170714
Shane Steichen,12,-0.9166666666666666,5,-4.341024147247552
Bill Cowher,5,-1.2,3,-10.734391534391534
Lovie Smith,35,-1.4285714285714286,16,-2.6911569489245775
Dennis Allen,14,-1.5,8,1.8699842482079325
Matt LaFleur,33,-1.6363636363636365,16,-3.171401473441587
Rex Ryan,21,-2.0476190476190474,12,-5.595524135266816
Jim Schwartz,17,-2.0588235294117645,8,8.895439178876678
Jonathan Gannon,12,-2.0833333333333335,5,-0.1267946006131897
Nick Sirianni,18,-2.2777777777777777,8,-1.0446657727777677
Pat Shurmur,26,-2.3076923076923075,12,-1.5418463601044614
Joe Philbin,19,-2.473684210526316,10,1.982591415830546
Tom Coughlin,31,-2.6129032258064515,17,-0.9794646438906168
Marvin Lewis,52,-2.826923076923077,25,-2.767494854125423
Chuck Pagano,28,-2.857142857142857,13,-7.864211473161896
Jim Harbaugh,32,-2.875,13,-5.958328321997308
Gus Bradley,17,-3.8823529411764706,5,-1.9406649616368292
Jason Garrett,44,-3.9318181818181817,19,4.975454819983078
Sean Payton,53,-4.113207547169812,19,1.345077808464057
Mike McCarthy,65,-4.1692307692307695,30,-1.4956343428107248
Bruce Arians,34,-4.588235294117647,17,-0.03952027229826579
John Harbaugh,89,-4.617977528089888,41,1.2479912141771974
Andy Reid,81,-4.6419753086419755,33,3.3528701070599585
Adam Gase,26,-4.884615384615385,13,-0.9728357569190978
Mike Zimmer,47,-5.170212765957447,20,-4.003049731164701
Anthony Lynn,29,-5.241379310344827,11,4.886662657775879
Herman Edwards,5,-6,2,-6.346642468239564
Joe Philbin {{small|(fired on October 5)}},5,-6,2,1.0686498855835245
Tony Dungy,8,-6.25,3,-5.2749287749287745
Kevin Stefanski,23,-6.565217391304348,7,1.042669383176253
Mike Shanahan,20,-7.65,7,14.06903947777349
Jerod Mayo,5,-8,3,-0.11165481270744444
Vic Fangio,13,-8.076923076923077,5,-7.3882275132275135
Jon Gruden,27,-8.25925925925926,11,-4.858013877924903
Brian Billick,7,-8.285714285714286,3,-9.817501815541032
Marc Trestman,5,-9,3,-13.708742833742834
Dan Campbell,14,-9.428571428571429,3,6.646200668232492
Zac Taylor,27,-9.444444444444445,13,0.3882673889736903
Mike McDaniel,13,-10.384615384615385,5,1.8371039688281066
Robert Saleh (fired on October 8),5,-13.8,1,0.11111111111111116
Ben McAdoo,6,-14.333333333333334,3,-5.404937732668825
Kliff Kingsbury,20,-14.45,6,9.109420048819622
Mike Macdonald,11,-14.818181818181818,4,1.1784722222222221
Robert Saleh,6,-17.333333333333332,3,4.282873806998939
