season,player_id,display_name,carries,bucket,tier_current,tier_score_current,games_current,ppg_current,pts_current,games_next_eff,ppg_next_eff,pts_next_eff,vanished
2001,00-0007661,Priest Holmes,327,300+,League Winner,5,16.0,20.80625,332.9,14.0,31.478571428571428,440.7,False
2001,00-0020536,LaDainian Tomlinson,339,300+,Superstar,4,16.0,16.83125,269.3,16.0,24.0125,384.2,False
2001,00-0017915,Ricky Williams,313,300+,Superstar,4,16.0,16.6,265.6,16.0,22.5375,360.6,False
2001,00-0019647,Shaun Alexander,309,300+,League Winner,5,16.0,18.63125,298.1,16.0,20.53125,328.5,False
2001,00-0005092,Marshall Faulk,260,250-299,League Winner,5,14.0,29.99285714285714,419.9,14.0,20.214285714285715,283.0,False
2001,00-0006305,Ahman Green,304,300+,League Winner,5,16.0,19.88125,318.1,14.0,19.164285714285715,268.3,False
2001,00-0005883,Eddie George,315,300+,Mid/replacement,1,16.0,10.98125,175.7,16.0,16.3875,262.2,False
2001,00-0004304,Corey Dillon,340,300+,Star,3,16.0,16.14375,258.3,16.0,15.11875,241.9,False
2001,00-0010442,Curtis Martin,333,300+,Superstar,4,16.0,18.495,295.92,16.0,14.925,238.8,False
2001,00-0007180,Garrison Hearst,252,250-299,Star,3,16.0,14.01875,224.3,16.0,14.18125,226.9,False
2001,00-0015091,Antowain Smith,287,250-299,Star,3,16.0,13.99375,223.9,16.0,12.60625,201.7,False
2001,00-0004052,Stephen Davis,356,300+,Star,3,16.0,13.61875,217.9,12.0,13.266666666666666,159.2,False
2001,00-0015165,Emmitt Smith,261,250-299,Mid/replacement,1,14.0,10.478571428571428,146.7,16.0,9.4,150.4,False
2001,00-0015242,Lamar Smith,313,300+,Starter,2,16.0,11.7625,188.2,11.0,13.490909090909092,148.4,False
2001,00-0020403,Anthony Thomas,278,250-299,Star,3,14.0,14.45,202.3,12.0,11.866666666666667,142.4,False
2002,00-0007661,Priest Holmes,313,300+,League Winner,5,14.0,31.478571428571428,440.7,16.0,27.8125,445.0,False
2002,00-0020536,LaDainian Tomlinson,372,300+,League Winner,5,16.0,24.0125,384.2,16.0,27.74,443.84,False
2002,00-0006305,Ahman Green,286,250-299,League Winner,5,14.0,19.164285714285715,268.3,16.0,24.0625,385.0,False
2002,00-0020527,Deuce McAllister,325,300+,League Winner,5,15.0,20.73333333333333,311.0,16.0,20.2625,324.2,False
2002,00-0019693,Jamal Lewis,308,300+,Star,3,16.0,15.74375,251.9,16.0,20.175,322.8,False
2002,00-0021179,Clinton Portis,273,250-299,League Winner,5,16.0,19.7625,316.2,13.0,24.053846153846152,312.7,False
2002,00-0019647,Shaun Alexander,295,250-299,League Winner,5,16.0,20.53125,328.5,16.0,19.0625,305.0,False
2002,00-0016098,Fred Taylor,287,250-299,Superstar,4,16.0,16.8375,269.4,16.0,17.2625,276.2,False
2002,00-0017915,Ricky Williams,383,300+,League Winner,5,16.0,22.5375,360.6,16.0,17.01875,272.3,False
2002,00-0008241,Edgerrin James,277,250-299,Star,3,14.0,15.107142857142858,211.5,13.0,20.45384615384615,265.9,False
2002,00-0000745,Tiki Barber,304,300+,League Winner,5,16.0,20.06875,321.1,16.0,15.3,244.8,False
2002,00-0020471,Travis Henry,325,300+,Superstar,4,16.0,17.85625,285.7,15.0,15.673333333333334,235.1,False
2002,00-0010442,Curtis Martin,261,250-299,Star,3,16.0,14.925,238.8,16.0,12.9375,207.0,False
2002,00-0005883,Eddie George,343,300+,Superstar,4,16.0,16.3875,262.2,16.0,10.7125,171.4,False
2002,00-0015523,Duce Staley,269,250-299,Star,3,16.0,16.1375,258.2,16.0,9.86875,157.9,False
2002,00-0015091,Antowain Smith,252,250-299,Starter,2,16.0,12.60625,201.7,13.0,7.953846153846154,103.4,False
2002,00-0004304,Corey Dillon,314,300+,Star,3,16.0,15.11875,241.9,13.0,6.476923076923077,84.2,False
2002,00-0020514,Michael Bennett,255,250-299,Star,3,16.0,14.48125,231.7,8.0,9.2375,73.9,False
2002,00-0015165,Emmitt Smith,254,250-299,Mid/replacement,1,16.0,9.4,150.4,10.0,6.23,62.3,False
2003,00-0000745,Tiki Barber,278,250-299,Star,3,16.0,15.3,244.8,16.0,21.725,347.6,False
2003,00-0020536,LaDainian Tomlinson,313,300+,League Winner,5,16.0,27.74,443.84,15.0,22.27466666666667,334.12,False
2003,00-0019647,Shaun Alexander,326,300+,League Winner,5,16.0,19.0625,305.0,16.0,20.175,322.8,False
2003,00-0010442,Curtis Martin,323,300+,Starter,2,16.0,12.9375,207.0,16.0,19.95,319.2,False
2003,00-0008241,Edgerrin James,309,300+,League Winner,5,13.0,20.45384615384615,265.9,16.0,19.14375,306.3,False
2003,00-0021179,Clinton Portis,290,250-299,League Winner,5,13.0,24.053846153846152,312.7,15.0,15.573333333333332,233.6,False
2003,00-0006305,Ahman Green,355,300+,League Winner,5,16.0,24.0625,385.0,15.0,15.24,228.6,False
2003,00-0007661,Priest Holmes,320,300+,League Winner,5,16.0,27.8125,445.0,8.0,26.6125,212.9,False
2003,00-0020527,Deuce McAllister,351,300+,League Winner,5,16.0,20.2625,324.2,14.0,15.014285714285714,210.2,False
2003,00-0016098,Fred Taylor,345,300+,Superstar,4,16.0,17.2625,276.2,14.0,14.778571428571428,206.9,False
2003,00-0019693,Jamal Lewis,388,300+,League Winner,5,16.0,20.175,322.8,12.0,13.683333333333332,164.2,False
2003,00-0005883,Eddie George,312,300+,Mid/replacement,1,16.0,10.7125,171.4,13.0,6.346153846153846,82.5,False
2003,00-0020471,Travis Henry,332,300+,Star,3,15.0,15.673333333333334,235.1,9.0,5.233333333333333,47.1,False
2003,00-0019516,Troy Hambrick,275,250-299,Mid/replacement,1,16.0,9.25625,148.1,9.0,5.1,45.9,False
2004,00-0019647,Shaun Alexander,353,300+,League Winner,5,16.0,20.175,322.8,16.0,23.55,376.8,False
2004,00-0020536,LaDainian Tomlinson,339,300+,League Winner,5,15.0,22.27466666666667,334.12,16.0,22.8925,366.28,False
2004,00-0000745,Tiki Barber,322,300+,League Winner,5,16.0,21.725,347.6,16.0,22.4625,359.4,False
2004,00-0008241,Edgerrin James,334,300+,League Winner,5,16.0,19.14375,306.3,15.0,20.686666666666667,310.3,False
2004,00-0021179,Clinton Portis,343,300+,Star,3,15.0,15.573333333333332,233.6,16.0,16.9925,271.88,False
2004,00-0020407,Rudi Johnson,362,300+,Star,3,16.0,14.56875,233.1,16.0,15.6125,249.8,False
2004,00-0004640,Warrick Dunn,265,250-299,Star,3,16.0,13.68125,218.9,16.0,13.4125,214.6,False
2004,00-0019610,Reuben Droughns,275,250-299,Star,3,15.0,14.806666666666668,222.1,16.0,13.06875,209.1,False
2004,00-0021979,Domanick Williams,301,300+,League Winner,5,15.0,21.506666666666668,322.6,11.0,18.572727272727278,204.3,False
2004,00-0022178,Willis McGahee,284,250-299,Star,3,15.0,15.046666666666663,225.7,16.0,12.40625,198.5,False
2004,00-0004304,Corey Dillon,345,300+,Superstar,4,15.0,17.4,261.0,11.0,17.21818181818182,189.4,False
2004,00-0010442,Curtis Martin,371,300+,League Winner,5,16.0,19.95,319.2,12.0,11.441666666666668,137.3,False
2004,00-0016098,Fred Taylor,260,250-299,Star,3,14.0,14.778571428571428,206.9,11.0,10.727272727272728,118.0,False
2004,00-0001215,Jerome Bettis,250,250-299,Star,3,14.0,13.364285714285714,187.1,12.0,8.233333333333333,98.8,False
2004,00-0020527,Deuce McAllister,269,250-299,Star,3,14.0,15.014285714285714,210.2,5.0,16.04,80.2,False
2004,00-0006305,Ahman Green,259,250-299,Star,3,15.0,15.24,228.6,5.0,11.84,59.2,False
2005,00-0020536,LaDainian Tomlinson,340,300+,League Winner,5,16.0,22.8925,366.28,16.0,30.06875,481.1,False
2005,00-0022736,Steven Jackson,254,250-299,Star,3,15.0,15.573333333333332,233.6,16.0,25.9625,415.4,False
2005,00-0021976,Larry Johnson,336,300+,League Winner,5,16.0,22.51875,360.3,16.0,23.18125,370.9,False
2005,00-0000745,Tiki Barber,357,300+,League Winner,5,16.0,22.4625,359.4,16.0,18.66875,298.7,False
2005,00-0022250,Willie Parker,255,250-299,Starter,2,15.0,12.666666666666666,190.0,16.0,18.0375,288.6,False
2005,00-0020407,Rudi Johnson,337,300+,Star,3,16.0,15.6125,249.8,16.0,14.6375,234.2,False
2005,00-0019641,Thomas Jones,314,300+,Star,3,15.0,14.92,223.8,16.0,12.85875,205.74,False
2005,00-0008241,Edgerrin James,360,300+,League Winner,5,15.0,20.686666666666667,310.3,16.0,12.85,205.6,False
2005,00-0019693,Jamal Lewis,269,250-299,Mid/replacement,1,15.0,10.38,155.7,16.0,12.04375,192.7,False
2005,00-0004640,Warrick Dunn,280,250-299,Star,3,16.0,13.4125,214.6,16.0,11.4,182.4,False
2005,00-0022178,Willis McGahee,325,300+,Starter,2,16.0,12.40625,198.5,14.0,11.757142857142856,164.6,False
2005,00-0022840,Julius Jones,257,250-299,Star,3,13.0,14.061538461538465,182.8,16.0,9.6,153.6,False
2005,00-0019647,Shaun Alexander,370,300+,League Winner,5,16.0,23.55,376.8,10.0,14.24,142.4,False
2005,00-0019610,Reuben Droughns,309,300+,Starter,2,16.0,13.06875,209.1,14.0,9.69285714285714,135.7,False
2005,00-0023440,Cadillac Williams,290,250-299,Starter,2,14.0,12.707142857142856,177.9,14.0,9.242857142857144,129.4,False
2005,00-0021179,Clinton Portis,352,300+,Superstar,4,16.0,16.9925,271.88,8.0,16.0375,128.3,False
2005,00-0020462,LaMont Jordan,272,250-299,League Winner,5,14.0,21.071428571428573,295.0,9.0,7.866666666666666,70.8,False
2006,00-0020536,LaDainian Tomlinson,349,300+,League Winner,5,16.0,30.06875,481.1,16.0,22.97375,367.58,False
2006,00-0019693,Jamal Lewis,314,300+,Starter,2,16.0,12.04375,192.7,15.0,16.473333333333333,247.1,False
2006,00-0023500,Frank Gore,313,300+,League Winner,5,16.0,20.0625,321.0,15.0,15.786666666666669,236.8,False
2006,00-0022178,Willis McGahee,259,250-299,Starter,2,14.0,11.757142857142856,164.6,15.0,15.253333333333334,228.8,False
2006,00-0008241,Edgerrin James,337,300+,Starter,2,16.0,12.85,205.6,16.0,13.1125,209.8,False
2006,00-0022736,Steven Jackson,346,300+,League Winner,5,16.0,25.9625,415.4,12.0,16.781666666666666,201.38,False
2006,00-0022250,Willie Parker,337,300+,Superstar,4,16.0,18.0375,288.6,15.0,11.8,177.0,False
2006,00-0021314,Chester Taylor,304,300+,Star,3,15.0,14.813333333333333,222.2,14.0,12.564285714285717,175.9,False
2006,00-0019641,Thomas Jones,297,250-299,Starter,2,16.0,12.85875,205.74,16.0,10.85,173.6,False
2006,00-0004640,Warrick Dunn,286,250-299,Starter,2,16.0,11.4,182.4,16.0,9.5375,152.6,False
2006,00-0021976,Larry Johnson,416,300+,League Winner,5,16.0,23.18125,370.9,8.0,15.8125,126.5,False
2006,00-0019647,Shaun Alexander,252,250-299,Star,3,10.0,14.24,142.4,13.0,9.476923076923075,123.2,False
2006,00-0022840,Julius Jones,267,250-299,Mid/replacement,1,16.0,9.6,153.6,16.0,7.10625,113.7,False
2006,00-0020471,Travis Henry,270,250-299,Star,3,14.0,13.507142857142856,189.1,11.0,9.509090909090908,104.6,False
2006,00-0020407,Rudi Johnson,341,300+,Star,3,16.0,14.6375,234.2,11.0,8.718181818181819,95.9,False
2006,00-0006305,Ahman Green,266,250-299,Star,3,14.0,15.921428571428573,222.9,6.0,10.716666666666669,64.3,False
2007,00-0020536,LaDainian Tomlinson,315,300+,League Winner,5,16.0,22.97375,367.58,16.0,17.25,276.0,False
2007,00-0019641,Thomas Jones,310,300+,Mid/replacement,1,16.0,10.85,173.6,16.0,17.24375,275.9,False
2007,00-0021216,Brian Westbrook,278,250-299,League Winner,5,15.0,24.69333333333333,370.4,14.0,19.25714285714286,269.6,False
2007,00-0021179,Clinton Portis,325,300+,Superstar,4,16.0,17.04375,272.7,16.0,15.40625,246.5,False
2007,00-0025399,Marshawn Lynch,280,250-299,Star,3,13.0,14.955384615384617,194.42,15.0,15.58,233.7,False
2007,00-0023500,Frank Gore,260,250-299,Star,3,15.0,15.786666666666669,236.8,14.0,16.27857142857143,227.9,False
2007,00-0024260,LenDale White,304,300+,Starter,2,16.0,11.0125,176.2,16.0,10.74375,171.9,False
2007,00-0019693,Jamal Lewis,299,250-299,Superstar,4,15.0,16.473333333333333,247.1,16.0,10.1875,163.0,False
2007,00-0022178,Willis McGahee,294,250-299,Star,3,15.0,15.253333333333334,228.8,13.0,11.107692307692307,144.4,False
2007,00-0024245,Joseph Addai,261,250-299,Superstar,4,15.0,18.453333333333333,276.8,12.0,11.666666666666666,140.0,False
2007,00-0022250,Willie Parker,321,300+,Starter,2,15.0,11.8,177.0,11.0,10.4,114.4,False
2007,00-0008241,Edgerrin James,324,300+,Starter,2,16.0,13.1125,209.8,13.0,6.776923076923077,88.1,False
2008,00-0026164,Chris Johnson,251,250-299,Superstar,4,15.0,16.653333333333332,249.8,16.0,24.56875,393.1,False
2008,00-0025394,Adrian Peterson,364,300+,Superstar,4,16.0,16.325,261.2,16.0,20.09375,321.5,False
2008,00-0022736,Steven Jackson,254,250-299,League Winner,5,12.0,18.683333333333334,224.2,15.0,16.253333333333334,243.8,False
2008,00-0019641,Thomas Jones,290,250-299,Superstar,4,16.0,17.24375,275.9,16.0,15.0,240.0,False
2008,00-0022984,Ryan Grant,312,300+,Mid/replacement,1,16.0,10.86875,173.9,16.0,14.625,234.0,False
2008,00-0026184,Matt Forte,315,300+,League Winner,5,16.0,19.09375,305.5,16.0,13.5625,217.0,False
2008,00-0024242,DeAngelo Williams,274,250-299,League Winner,5,16.0,19.25625,308.1,13.0,15.7,204.1,False
2008,00-0020536,LaDainian Tomlinson,292,250-299,Superstar,4,16.0,17.25,276.0,14.0,12.6,176.4,False
2008,00-0026229,Steve Slaton,268,250-299,Superstar,4,16.0,16.99375,271.9,11.0,14.672727272727274,161.4,False
2008,00-0022821,Michael Turner,377,300+,Superstar,4,16.0,17.375,278.0,11.0,13.78181818181818,151.6,False
2008,00-0025399,Marshawn Lynch,251,250-299,Star,3,15.0,15.58,233.7,13.0,7.884615384615385,102.5,False
2008,00-0021179,Clinton Portis,342,300+,Star,3,16.0,15.40625,246.5,8.0,9.2625,74.1,False
2008,00-0019693,Jamal Lewis,279,250-299,Mid/replacement,1,16.0,10.1875,163.0,9.0,7.666666666666667,69.0,False
2009,00-0026195,Ray Rice,254,250-299,League Winner,5,16.0,20.25625,324.1,16.0,17.2875,276.6,False
2009,00-0025394,Adrian Peterson,315,300+,League Winner,5,16.0,20.09375,321.5,15.0,18.39333333333333,275.9,False
2009,00-0026164,Chris Johnson,358,300+,League Winner,5,16.0,24.56875,393.1,16.0,17.05625,272.9,False
2009,00-0026184,Matt Forte,258,250-299,Star,3,16.0,13.5625,217.0,16.0,16.5375,264.6,False
2009,00-0022736,Steven Jackson,325,300+,Superstar,4,15.0,16.253333333333334,243.8,16.0,15.09375,241.5,False
2009,00-0024275,Maurice Jones-Drew,312,300+,League Winner,5,16.0,20.21875,323.5,14.0,16.72142857142857,234.1,False
2009,00-0023439,Cedric Benson,301,300+,Star,3,13.0,14.553846153846154,189.2,16.0,12.31875,197.1,False
2009,00-0019641,Thomas Jones,332,300+,Star,3,16.0,15.0,240.0,16.0,9.3625,149.8,False
2010,00-0026195,Ray Rice,307,300+,Superstar,4,16.0,17.2875,276.6,16.0,23.3025,372.84,False
2010,00-0024275,Maurice Jones-Drew,299,250-299,Superstar,4,14.0,16.72142857142857,234.1,16.0,19.0625,305.0,False
2010,00-0026796,Arian Foster,326,300+,League Winner,5,16.0,24.4875,391.8,13.0,23.315384615384616,303.1,False
2010,00-0022821,Michael Turner,334,300+,Star,3,16.0,14.1,225.6,16.0,14.3625,229.8,False
2010,00-0026164,Chris Johnson,316,300+,Superstar,4,16.0,17.05625,272.9,16.0,14.09375,225.5,False
2010,00-0022736,Steven Jackson,330,300+,Star,3,16.0,15.09375,241.5,15.0,14.92,223.8,False
2010,00-0025394,Adrian Peterson,283,250-299,Superstar,4,15.0,18.39333333333333,275.9,12.0,17.175,206.1,False
2010,00-0025637,Ahmad Bradshaw,276,250-299,Star,3,16.0,15.00625,240.1,12.0,16.066666666666666,192.8,False
2010,00-0026163,Rashard Mendenhall,324,300+,Star,3,16.0,15.0625,241.0,15.0,11.88,178.2,False
2010,00-0023439,Cedric Benson,321,300+,Starter,2,16.0,12.31875,197.1,15.0,10.793333333333331,161.9,False
2010,00-0026367,Peyton Hillis,270,250-299,Superstar,4,16.0,18.4325,294.92,10.0,10.97,109.7,False
2011,00-0026796,Arian Foster,278,250-299,League Winner,5,13.0,23.315384615384616,303.1,16.0,18.88125,302.1,False
2011,00-0026195,Ray Rice,291,250-299,League Winner,5,16.0,23.3025,372.84,16.0,17.69375,283.1,False
2011,00-0025399,Marshawn Lynch,284,250-299,Superstar,4,15.0,16.24,243.6,16.0,16.85,269.6,False
2011,00-0023500,Frank Gore,282,250-299,Starter,2,16.0,12.09375,193.5,16.0,14.05,224.8,False
2011,00-0026164,Chris Johnson,262,250-299,Star,3,16.0,14.09375,225.5,16.0,13.2625,212.2,False
2011,00-0022736,Steven Jackson,260,250-299,Star,3,15.0,14.92,223.8,16.0,12.5375,200.6,False
2011,00-0027029,LeSean McCoy,273,250-299,League Winner,5,15.0,21.89333333333333,328.4,12.0,16.608333333333334,199.3,False
2011,00-0026899,Shonn Greene,253,250-299,Starter,2,16.0,12.03125,192.5,16.0,11.65,186.4,False
2011,00-0022821,Michael Turner,301,300+,Star,3,16.0,14.3625,229.8,16.0,10.9875,175.8,False
2011,00-0025487,Michael Bush,256,250-299,Star,3,16.0,13.90625,222.5,13.0,6.646153846153847,86.4,False
2011,00-0024275,Maurice Jones-Drew,343,300+,League Winner,5,16.0,19.0625,305.0,6.0,12.666666666666666,76.0,False
2011,00-0023439,Cedric Benson,273,250-299,Mid/replacement,1,15.0,10.793333333333331,161.9,5.0,10.9,54.5,False
2012,00-0026213,Jamaal Charles,285,250-299,Star,3,16.0,14.96875,239.5,15.0,25.2,378.0,False
2012,00-0025399,Marshawn Lynch,315,300+,Superstar,4,16.0,16.85,269.6,16.0,17.20625,275.3,False
2012,00-0026164,Chris Johnson,276,250-299,Star,3,16.0,13.2625,212.2,16.0,15.0125,240.2,False
2012,00-0025394,Adrian Peterson,348,300+,League Winner,5,16.0,21.725,347.6,14.0,16.62142857142857,232.7,False
2012,00-0023500,Frank Gore,258,250-299,Star,3,16.0,14.05,224.8,16.0,11.93125,190.9,False
2012,00-0026195,Ray Rice,257,250-299,Superstar,4,16.0,17.69375,283.1,15.0,11.886666666666668,178.3,False
2012,00-0029141,Alfred Morris,335,300+,Star,3,16.0,15.75,252.0,16.0,11.14375,178.3,False
2012,00-0022736,Steven Jackson,258,250-299,Starter,2,16.0,12.5375,200.6,12.0,12.366666666666667,148.4,False
2012,00-0028011,Stevan Ridley,290,250-299,Starter,2,16.0,12.8375,205.4,14.0,9.107142857142858,127.5,False
2012,00-0025860,BenJarvus Green-Ellis,278,250-299,Starter,2,15.0,11.586666666666668,173.8,16.0,7.4875,119.8,False
2012,00-0026796,Arian Foster,351,300+,League Winner,5,16.0,18.88125,302.1,8.0,13.5875,108.7,False
2012,00-0029613,Doug Martin,319,300+,League Winner,5,16.0,19.475,311.6,6.0,11.7,70.2,False
2012,00-0026899,Shonn Greene,276,250-299,Starter,2,16.0,11.65,186.4,11.0,5.763636363636364,63.4,False
2013,00-0026184,Matt Forte,289,250-299,League Winner,5,16.0,21.09375,337.5,16.0,21.675,346.8,False
2013,00-0025399,Marshawn Lynch,301,300+,Superstar,4,16.0,17.20625,275.3,16.0,18.89375,302.3,False
2013,00-0030485,Eddie Lacy,284,250-299,Star,3,15.0,16.166666666666668,242.5,16.0,17.0375,272.6,False
2013,00-0026213,Jamaal Charles,259,250-299,League Winner,5,15.0,25.2,378.0,15.0,16.693333333333335,250.4,False
2013,00-0027029,LeSean McCoy,314,300+,League Winner,5,16.0,20.6625,330.6,16.0,12.4625,199.4,False
2013,00-0029141,Alfred Morris,276,250-299,Starter,2,16.0,11.14375,178.3,16.0,11.74375,187.9,False
2013,00-0023500,Frank Gore,276,250-299,Starter,2,16.0,11.93125,190.9,16.0,9.91875,158.7,False
2013,00-0026164,Chris Johnson,279,250-299,Star,3,16.0,15.0125,240.2,16.0,7.2125,115.4,False
2013,00-0027864,Ryan Mathews,285,250-299,Starter,2,16.0,13.15,210.4,6.0,11.15,66.9,False
2013,00-0030536,Zac Stacy,250,250-299,Star,3,13.0,14.107692307692307,183.4,9.0,7.166666666666667,64.5,False
2014,00-0026184,Matt Forte,266,250-299,League Winner,5,16.0,21.675,346.8,13.0,16.515384615384615,214.7,False
2014,00-0023500,Frank Gore,255,250-299,Mid/replacement,1,16.0,9.91875,158.7,16.0,12.0875,193.4,False
2014,00-0028009,DeMarco Murray,392,300+,League Winner,5,16.0,21.94375,351.1,15.0,12.293333333333331,184.4,False
2014,00-0027029,LeSean McCoy,312,300+,Starter,2,16.0,12.4625,199.4,12.0,14.908333333333331,178.9,False
2014,00-0030496,Le'Veon Bell,290,250-299,League Winner,5,16.0,23.15625,370.5,6.0,18.53333333333333,111.2,False
2014,00-0029141,Alfred Morris,265,250-299,Starter,2,16.0,11.74375,187.9,16.0,6.0375,96.6,False
2014,00-0025399,Marshawn Lynch,280,250-299,League Winner,5,16.0,18.89375,302.3,7.0,11.842857142857143,82.9,False
2014,00-0026796,Arian Foster,260,250-299,League Winner,5,13.0,21.03846153846154,273.5,4.0,19.25,77.0,False
2015,00-0031285,Devonta Freeman,265,250-299,League Winner,5,15.0,21.09333333333333,316.4,16.0,17.75625,284.1,False
2015,00-0023500,Frank Gore,260,250-299,Starter,2,16.0,12.0875,193.4,16.0,13.3875,214.2,False
2015,00-0030513,Latavius Murray,266,250-299,Starter,2,16.0,12.8,204.8,14.0,14.87142857142857,208.2,False
2015,00-0029613,Doug Martin,288,250-299,Star,3,16.0,14.51875,232.3,8.0,10.6875,85.5,False
2016,00-0032241,Todd Gurley,278,250-299,Starter,2,16.0,12.3875,198.2,15.0,25.55333333333333,383.3,False
2016,00-0030496,Le'Veon Bell,261,250-299,League Winner,5,12.0,26.45,317.4,15.0,22.89333333333333,343.4,False
2016,00-0032144,Melvin Gordon,254,250-299,League Winner,5,13.0,19.27692307692308,250.6,16.0,18.00625,288.1,False
2016,00-0033045,Ezekiel Elliott,322,300+,League Winner,5,15.0,21.69333333333333,325.4,10.0,20.12,201.2,False
2016,00-0032780,Jordan Howard,252,250-299,Star,3,15.0,15.34,230.1,16.0,12.48125,199.7,False
2016,00-0029615,Lamar Miller,268,250-299,Star,3,14.0,13.728571428571428,192.2,16.0,12.09375,193.5,False
2016,00-0023500,Frank Gore,263,250-299,Star,3,16.0,13.3875,214.2,16.0,10.85,173.6,False
2016,00-0028009,DeMarco Murray,293,250-299,Superstar,4,16.0,18.3625,293.8,15.0,11.433333333333334,171.5,False
2016,00-0031590,Jay Ajayi,260,250-299,Star,3,15.0,14.353333333333332,215.3,14.0,9.65,135.1,False
2016,00-0027325,LeGarrette Blount,299,250-299,Star,3,16.0,14.55625,232.9,16.0,6.7375,107.8,False
2017,00-0032241,Todd Gurley,279,250-299,League Winner,5,15.0,25.55333333333333,383.3,14.0,26.607142857142858,372.5,False
2017,00-0032144,Melvin Gordon,284,250-299,Superstar,4,16.0,18.00625,288.1,12.0,22.975,275.7,False
2017,00-0033923,Kareem Hunt,272,250-299,Superstar,4,16.0,18.45,295.2,11.0,20.92727272727273,230.2,False
2017,00-0032780,Jordan Howard,276,250-299,Starter,2,16.0,12.48125,199.7,16.0,11.25,180.0,False
2017,00-0027029,LeSean McCoy,287,250-299,Superstar,4,16.0,16.475,263.6,14.0,9.085714285714284,127.2,False
2017,00-0033856,Leonard Fournette,268,250-299,Superstar,4,13.0,17.707692307692305,230.2,8.0,15.05,120.4,False
2017,00-0023500,Frank Gore,261,250-299,Mid/replacement,1,16.0,10.85,173.6,14.0,7.328571428571428,102.6,False
2018,00-0033045,Ezekiel Elliott,304,300+,League Winner,5,15.0,21.94,329.1,16.0,19.48125,311.7,False
2018,00-0034844,Saquon Barkley,261,250-299,League Winner,5,16.0,24.125,386.0,13.0,18.77692307692308,244.1,False
2018,00-0032241,Todd Gurley,256,250-299,League Winner,5,14.0,26.607142857142858,372.5,15.0,14.64,219.6,False
2018,00-0025394,Adrian Peterson,251,250-299,Starter,2,16.0,11.8125,189.0,15.0,9.8,147.0,False
2018,00-0032187,David Johnson,258,250-299,Star,3,16.0,15.425,246.8,12.0,11.791666666666666,141.5,False
2018,00-0032780,Jordan Howard,250,250-299,Starter,2,16.0,11.25,180.0,9.0,12.377777777777778,111.4,False
2019,00-0033893,Dalvin Cook,250,250-299,League Winner,5,14.0,20.885714285714283,292.4,14.0,24.17142857142857,338.4,False
2019,00-0032764,Derrick Henry,303,300+,League Winner,5,15.0,19.64,294.6,16.0,20.83125,333.3,False
2019,00-0033045,Ezekiel Elliott,301,300+,League Winner,5,16.0,19.48125,311.7,15.0,14.913333333333332,223.7,False
2019,00-0034791,Nick Chubb,299,250-299,Star,3,16.0,15.95,255.2,12.0,17.291666666666668,207.5,False
2019,00-0033594,Chris Carson,278,250-299,Star,3,15.0,15.506666666666666,232.6,12.0,15.65,187.8,False
2019,00-0033856,Leonard Fournette,265,250-299,Superstar,4,15.0,17.28666666666667,259.3,12.0,11.0,132.0,False
2019,00-0033897,Joe Mixon,278,250-299,Star,3,16.0,14.0875,225.4,6.0,16.599999999999998,99.6,False
2020,00-0035700,Josh Jacobs,273,250-299,Star,3,15.0,15.42,231.3,15.0,15.066666666666666,226.0,False
2020,00-0033893,Dalvin Cook,312,300+,League Winner,5,14.0,24.17142857142857,338.4,13.0,15.884615384615383,206.5,False
2020,00-0032764,Derrick Henry,378,300+,League Winner,5,16.0,20.83125,333.3,8.0,24.1875,193.5,False
2021,00-0033897,Joe Mixon,292,250-299,Superstar,4,16.0,17.99375,287.9,14.0,17.107142857142858,239.5,False
2021,00-0036893,Najee Harris,307,300+,Superstar,4,17.0,17.688235294117646,300.7,17.0,13.285882352941178,225.86,False
2021,00-0036328,Antonio Gibson,258,250-299,Star,3,16.0,14.33125,229.3,15.0,11.06,165.9,False
2021,00-0036223,Jonathan Taylor,332,300+,League Winner,5,17.0,21.947058823529414,373.1,11.0,13.30909090909091,146.4,False
2022,00-0032764,Derrick Henry,349,300+,League Winner,5,16.0,18.9225,302.76,17.0,14.509411764705884,246.66,False
2022,00-0034844,Saquon Barkley,295,250-299,Superstar,4,16.0,17.75,284.0,14.0,15.957142857142856,223.4,False
2022,00-0036893,Najee Harris,272,250-299,Star,3,17.0,13.285882352941178,225.86,17.0,11.5,195.5,False
2022,00-0035700,Josh Jacobs,340,300+,League Winner,5,17.0,19.311764705882357,328.3,13.0,13.930769230769233,181.1,False
2022,00-0035243,Miles Sanders,259,250-299,Starter,2,17.0,12.74705882352941,216.7,16.0,5.475,87.6,False
2022,00-0033948,Jamaal Williams,262,250-299,Star,3,17.0,13.3,226.1,13.0,4.676923076923076,60.8,False
2022,00-0033893,Dalvin Cook,264,250-299,Star,3,17.0,13.988235294117649,237.8,14.0,2.8714285714285714,40.2,False
2023,00-0032764,Derrick Henry,280,250-299,Star,3,17.0,14.509411764705884,246.66,17.0,19.788235294117644,336.4,False
2023,00-0033897,Joe Mixon,257,250-299,Star,3,17.0,15.705882352941176,267.0,14.0,17.178571428571427,240.5,False
2023,00-0036893,Najee Harris,255,250-299,Starter,2,17.0,11.5,195.5,17.0,12.03529411764706,204.6,False
2023,00-0035261,Tony Pollard,252,250-299,Starter,2,17.0,13.105882352941178,222.8,16.0,12.55625,200.9,False
2023,00-0037256,Rachaad White,272,250-299,Star,3,17.0,15.758823529411764,267.9,15.0,13.306666666666668,199.6,False
2023,00-0036973,Travis Etienne,267,250-299,Superstar,4,17.0,16.63529411764706,282.8,15.0,8.68,130.2,False
2023,00-0033280,Christian McCaffrey,272,250-299,League Winner,5,16.0,24.45625,391.3,4.0,11.95,47.8,False
2024,00-0038542,Bijan Robinson,304,300+,League Winner,5,17.0,20.11176470588235,341.9,17.0,21.823529411764707,371.0,False
2024,00-0039139,Jahmyr Gibbs,250,250-299,League Winner,5,17.0,20.75294117647059,352.8,17.0,21.564705882352943,366.6,False
2024,00-0036223,Jonathan Taylor,303,300+,Superstar,4,14.0,17.478571428571428,244.7,17.0,21.323529411764707,362.5,False
2024,00-0032764,Derrick Henry,325,300+,League Winner,5,17.0,19.788235294117644,336.4,17.0,16.441176470588236,279.5,False
2024,00-0037840,Kyren Williams,316,300+,Superstar,4,16.0,17.00625,272.1,17.0,15.488235294117649,263.3,False
2024,00-0035700,Josh Jacobs,301,300+,Superstar,4,17.0,17.241176470588236,293.1,15.0,15.806666666666668,237.1,False
2024,00-0034844,Saquon Barkley,345,300+,League Winner,5,16.0,22.24375,355.9,16.0,14.53125,232.5,False
2024,00-0036275,D'Andre Swift,253,250-299,Starter,2,17.0,12.617647058823527,214.5,16.0,14.23125,227.7,False
2024,00-0035261,Tony Pollard,260,250-299,Starter,2,16.0,12.55625,200.9,17.0,10.929411764705884,185.8,False
2024,00-0036555,Chuba Hubbard,250,250-299,Star,3,15.0,16.12,241.8,15.0,8.360000000000001,125.4,False
2024,00-0033293,Aaron Jones,255,250-299,Star,3,17.0,14.211764705882352,241.6,12.0,9.891666666666667,118.7,False
2015,00-0025394,Adrian Peterson,327,300+,Superstar,4,16.0,16.29375,260.7,0,0.0,0.0,True
2019,00-0033280,Christian McCaffrey,287,250-299,League Winner,5,16.0,29.4625,471.4,0,0.0,0.0,True
2013,00-0025394,Adrian Peterson,279,250-299,Superstar,4,14.0,16.62142857142857,232.7,0,0.0,0.0,True
2003,00-0004052,Stephen Davis,318,300+,Star,3,14.0,15.45,216.3,0,0.0,0.0,True
2024,00-0036893,Najee Harris,263,250-299,Starter,2,17.0,12.03529411764706,204.6,0,0.0,0.0,True
2006,00-0000745,Tiki Barber,327,300+,League Winner,5,16.0,18.66875,298.7,0,0.0,0.0,True
2016,00-0032187,David Johnson,293,250-299,League Winner,5,16.0,25.4875,407.8,0,0.0,0.0,True
2004,00-0015165,Emmitt Smith,267,250-299,Starter,2,15.0,11.736,176.04,0,0.0,0.0,True
2009,00-0022984,Ryan Grant,282,250-299,Star,3,16.0,14.625,234.0,0,0.0,0.0,True
2003,00-0017915,Ricky Williams,392,300+,Superstar,4,16.0,17.01875,272.3,0,0.0,0.0,True
2017,00-0030496,Le'Veon Bell,321,300+,League Winner,5,15.0,22.89333333333333,343.4,0,0.0,0.0,True
2022,00-0034791,Nick Chubb,302,300+,Superstar,4,17.0,16.564705882352943,281.6,0,0.0,0.0,True
